70G8E,ROBJB,2299,42199
5C66B,R7H78,6,Z3659
0777U,31144,8,LDL5K
14366,97WZ7,1899,Q7B33
CA54E,AH9E5,0,30R42
9I9FD,JBWW5,8599,L39H4
T06SZ,KDDH3,5747,8550I
2U7G3,76361,1731,OS0BF
PC1U8,9205M,3098,31IA7
39FVF,482E0,1181,8IDDX
I4T57,6JUK1,3478,1353X
W21NQ,B33RG,8050,69Y73
CCQ1Q,49579,3344,PP7EE
2854I,QHQQ1,3599,FX04K
GH2RN,9GV7T,4059,W229T
10HX7,C565E,762,8YW08
LN72R,C3NX8,5751,55238
1046U,87IPA,2,7N81W
GXS16,H44XA,4427,ZM502
548BM,M653A,7504,A200K
MNN01,8J4LF,7386,GWNQN
64X05,397H0,4,1F9IE
Z0A32,Y044K,1,84PN4
6625S,J7O9J,8603,Y5N4X
H9KWM,7471U,4541,07CW1
4JERN,A848I,5029,LDL5K
IA61R,2W135,887,YRRNY
33002,4X76S,1,8QK5I
B0J93,56910,547,NO6Z5
ZQHWG,M2Q00,4720,ZV16A
6994H,GU4NR,1229,LKHDB
5EI80,44FAJ,3791,02PHG
97P20,2AVTL,524,AWC8V
46UEE,Y1172,691,9C606
WR3Q0,8C293,53,5899T
8Q8J1,56NZQ,891,BT497
K0KJ3,1AXDE,1054,37XT0
6MPJN,290OX,6,AL96E
1GG82,FJJTK,172,Z81VM
01P0V,SMU14,97,991TB
N59J1,E5520,7776,EN29C
6J07Y,9X5DF,1911,GZHC1
1A8C8,IPBN1,531,8S462
4F0H6,1HY08,4919,9WM00
K6849,A4P07,5305,8JBFS
J3168,7471U,2130,33IZ8
749HF,IJ822,304,Y29T8
K7135,XM557,1277,KP9EZ
KO274,88XE2,3270,2V4E1
E83ND,22W35,3558,6Y339
H5CPK,7L96E,7146,80DGQ
WY303,3W0U4,1670,YQV3Z
0PY7F,7P8C3,38,W71VA
41764,SXYP5,9507,5AJD7
62366,7O7A2,7025,7J045
2HDY9,9T93I,6321,7S0W5
CU1XE,0I255,3789,0Z6O7
5MCA0,86CL8,1206,MROV9
Z679Y,FJ2YY,651,YZ3QH
R53EA,W9436,8994,GYV84
W2VEO,91Z3A,7683,6NZ98
818PT,676EY,4338,VF8C8
R78Q2,1AXDE,8327,E0DC0
SK3E1,5RI40,6249,IQKUT
HLK31,9TU81,7366,21W41
NY00H,75I9H,97,K06U0
8O07U,C5B2F,1340,G611R
JG754,Q694W,9114,LB354
OT298,90G01,6264,9WM00
5K474,0927S,570,CK3O8
Y10TH,8KF9A,0,U3O56
72VJQ,FF99P,7106,Q9IIW
2HUM8,2V4M7,334,W41LC
61YXR,239Q7,9910,64T4Z
68T2V,3IIQV,2931,BBL0C
6RB34,A39S4,0,8MK8N
T5P80,5Q618,865,1D83B
6RHLD,D1436,5293,OE61Q
4JBI6,GKSF4,22,SZ465
OUI31,E0F8D,3095,E89PE
5M6X2,O86NZ,99,1W2Y9
RYM37,8AAHM,1,7N81W
Y08R1,TPNA6,8866,LGHB5
ZXAM7,47W19,6833,Z0E81
000M6,8Q0EL,988,19V3Z
4B8L9,73XO0,8020,5446C
K9V7G,3BK99,5790,HL6B0
7RBR1,9Y9T4,363,8S462
F20P5,72PQ8,7559,9HG63
GH974,482E0,2422,AKN70
M02QW,P8T0N,8330,54FM4
20I1Q,81VT8,8057,BKBIF
06X1F,D7WAL,1844,FMI17
VEX22,EY7DN,9486,61215
4VUP2,L8J6G,416,6YIGR
MOS44,BV1E4,7367,36HP8
94AF7,HBV5U,927,2481H
82805,MT4T0,3740,FS8A9
AJ2KO,H64L9,6227,N334J
9Z130,63H78,82,D134N
08B1Z,4DR65,5433,1II08
VT39E,3ZOV4,4904,YA992
O30F1,IO8K6,1496,469P0
8X976,3EX5C,4674,X37WS
U80IM,G79WP,5,V7GV2
4XEOQ,8EHCL,6711,O7105
07PZ2,E0B53,1527,IQ12N
B4AH5,4F124,4611,P6P9G
SW568,B96R1,2541,D134N
V1U9K,8P7D9,4769,A60LQ
6W09R,RCYB3,5377,8CV0R
74H71,N030W,2626,6Y339
8YWT8,M606L,6887,KTX7F
35CW3,IXY07,4,PJ6CV
E26A5,K6H8I,0,S8KPJ
6709L,D7MJP,5812,LGHB5
868Y2,ZE37H,7060,083H0
PF2CU,348VA,96,1AG88
ELB30,WIP52,4621,93N2R
R98H3,7P8C3,7037,Q7B33
S8EB2,Q7FD7,7667,7784F
LPKLY,65423,9855,9GGWU
FQ9N2,76G56,49,CYSQS
BHP1Z,3155M,4962,5GNZ2
T065O,KN58X,8721,PY09G
10MJR,82332,4447,DALM5
HXJ21,NEDKA,6077,L9NI5
S2CU6,R355V,4802,LGHB5
GC2F8,59PTX,38,ISX92
783UQ,65556,6657,1EG64
H9C8Z,18U69,1155,PKK7Y
2PWH5,B0SX5,9473,9N68F
65H0E,0N2JP,9145,AD885
QB11O,LSXAP,423,NJ3R6
2A684,33BKX,8616,KK254
UF9QA,4RF76,5668,2MLHE
4G6DW,RYN84,620,15HAF
99HK8,S26W9,60,JZP86
6L3NQ,RV2X4,1237,56T86
P0RCL,3T2W4,6741,26AR9
8XO7I,4YBYC,5963,W5178
5ZL24,38XBK,35,6UUP5
000H8,HNB86,3656,663L3
P0170,QQW5D,5880,W5178
GA3KP,8QW5T,5211,223J1
9YQ78,K5JIR,8909,RR6K5
NZ775,L20Y6,1027,H67O3
501RN,6IC44,2891,VF8C8
K1Z5K,97WZ7,13,9HQ39
V6YVR,SMU14,78,KCAV5
F14S4,27TV1,856,RV75S
Y9XJ4,BV1E4,6,43VEG
HL9C7,04MU3,8529,U7A39
3D55G,E2PL5,2799,21W41
SND68,6DCFH,6391,9Z12U
6ID32,LORA0,5395,953T4
XE6PN,6JY2U,226,5446C
371MF,QHQQ1,9647,E9532
3Q8NZ,Z1J53,7277,ISX92
40T3H,70154,5504,12H6V
Y9086,407UX,6725,9VIZ5
FDIT0,RYN84,9829,3DB89
2VF6U,814LL,9151,JTSG8
080T8,9JF2N,8541,Q1SZF
MFW71,43495,3089,GL90V
Y7DHM,660RN,1222,Z3659
3F8Y1,947Y1,468,1DSRZ
M1PGU,0415X,1034,8QK5I
48233,E0B53,4003,PRLW4
4R0EU,WI0V3,9393,V7GV2
FT17O,6986H,2278,3RSX1
Q8947,J7O9J,82,ZJ43T
QO143,E3O8N,1382,05OO4
LO4XE,6NX4Z,3,DNQU7
W9IG8,E97W2,2225,CWL16
6360B,04MU3,7,TFVJ8
6C93I,B96R1,3000,0IGN4
16923,LBJX2,9370,KX018
5G2O0,V66X8,277,8XJ4T
Y55I8,2TET8,227,V7767
2104E,2W135,1460,91V06
NEUJZ,G672T,6844,AWTAB
44M26,9AZ3A,7541,FS8A9
2E401,A848I,9092,N3N33
Z900S,8MR80,41,EM8C2
19E90,DE834,1979,50753
ES99T,6X2V7,199,6PNX1
63K03,HASX3,6087,8W796
LOW8V,ROBJB,79,3R404
4R61S,I55KT,3155,12F04
C5O4L,G4T9G,6393,E8OEC
OCA7H,15K12,7,61578
UA39N,8RHTR,4005,4224D
2Q1W3,3BK99,1070,0CMGA
92CIQ,983PC,6378,VB6EF
M33YT,E5GE3,5610,6A3WX
3CR1E,NTP53,7744,E01ZH
O27ZY,834OL,3639,CWL16
10232,9X5DF,3380,12H6V
93O76,6NR73,1851,770TJ
C0M39,8W6GD,8550,M5396
3TK7J,2Q3WZ,8445,3R7X9
R3T5C,8Q0EL,285,7JI98
Q87JU,SBTP8,3199,MJVRP
JQP3V,E84NA,9591,AL96E
Q26P5,3W0U4,9972,7Q2A2
R0QTM,LBJX2,23,HCT9M
L14WK,70MCB,37,8YOVZ
Z6ZJ9,4AUU9,6868,E3B4E
92306,2V45A,6428,M7IBY
TX788,71NQ7,2151,1L1J1
N8E5J,VI37X,6913,K4XFT
H538E,9E795,798,CWL16
P9WTK,1FI9P,5752,833O6
1Z94L,52IE2,640,62K8Z
7A40C,7I3SE,6888,226OD
9OK6I,P95EJ,12,8O831
XXY1C,88285,7312,8S01D
784E5,O8558,974,4GY67
0S1CI,24O69,3516,47DSP
ER9CM,U99VV,7727,3Z245
8XH14,80562,7535,JAJ6K
22L1I,V74DX,919,ZA1H6
YAABT,46220,4678,1573Z
S2UAP,0Y736,3770,XS3VS
7AJIL,2592R,65,70735
Q1BMK,3BK99,2591,W0L56
T28R7,024I3,3,658WC
ELS82,72570,4402,9JXDT
Y5368,OJ651,50,E4ECP
BUX18,V6RZJ,929,1X5ME
ZQKHP,4R70Y,2052,ZV16A
EE36E,07U75,8278,7856V
035H2,B96R1,3546,BRM08
I76QY,IXY07,5456,P5FF7
CT518,7471U,5658,45342
R07FQ,181G1,157,9T5GG
789P2,68GF4,6647,61578
G886K,Y259V,8324,AJW42
T8SL5,X1919,9232,RQZNQ
48MDY,81981,6,17TI3
01T7T,8NDL4,6426,5GNZ2
78H97,1UAYW,96,43VEG
CFH7H,24O69,8252,M7IBY
33UQ1,2V45A,225,N6XWC
6DEVT,T25B9,4581,I24BE
X8M6H,6K354,9,7856V
4IZ7V,07764,1200,3I2NT
1OMVU,V66X8,6,I24BE
35286,25EK0,3494,7PF2F
9G7YX,SN0V3,5979,L6L5C
2GU34,DPY0T,4147,45342
5U4Z3,V6RZJ,6170,65EX3
9A790,4K0OG,9503,5ICBM
WWTH7,MT4T0,3109,S1F80
X6298,A848I,81,03G50
0D8DS,4VYHH,3245,7377C
BHODB,4VH76,27,8YW08
3CBVZ,7I3SE,63,LC4UQ
84TH2,9036I,1312,TV4EZ
MU27U,M2EJ4,6,9S9S2
5444F,AIKW3,6032,B560H
V4P22,MJY5O,1363,W820D
O7CD1,81981,1591,OE61Q
90J44,BMR2Z,9191,I5049
7W412,N030W,2150,5H8P5
468IF,18QKT,7698,11SJ5
XZFG4,OGDW5,906,MR86X
YD65X,46220,2358,MQBUN
0Z54P,OECL9,9767,8U7ND
7CHUB,1WY07,8134,8J6J3
4ADG5,2TOY6,5,Y5N4X
D8PG6,49W77,6868,93G47
UR71I,I7NZM,7490,M4873
GF4Q7,2W135,5741,C895S
SEF51,348VA,5291,39BL3
6K84C,Y10DU,8872,O396N
0Q7C3,68Y94,3649,5811Z
VP877,13D30,2121,0395Q
81EX6,76G56,63,4VE78
MEA5H,290OX,2686,AWC8V
456D7,LORA0,7539,0T7XS
564TF,K2X8B,56,W41LC
5910V,77J96,1962,58M38
9H713,G1DN3,57,94378
Q5H5L,6DZZ8,7,0T7XS
S8OIR,5H65E,3874,I9L18
8VRD3,44FAJ,8876,XSJX7
57T92,75I9H,8074,1030G
W216H,1EHX7,2185,0ZMW7
H4N42,E0B53,587,NL8AO
US7F8,5EBIF,4649,M1VB1
45E56,3IIQV,939,Q9IIW
2S1M1,H64L9,8499,14LCP
0DC91,JBWW5,3340,989YF
3BS0J,TPNA6,36,Y9P0W
6Y1MV,33BKX,4606,A312G
M43I1,W2LPR,8830,QD581
2JKPY,5D70U,9827,658WC
AYG37,N0HR6,64,X9IXW
0P069,YU4AV,4378,L4I2P
D03VR,5HZ5S,867,1EAJ9
EHAX0,OG69X,9723,C6Y1R
A43C3,O8558,8662,46RX3
IL5MV,Y7ZR0,1122,UDLJ0
SLL47,IEUWP,6437,15B6B
5TBYO,6GB3C,8044,033J3
2N3Z1,IH122,3800,8YW08
6673H,B8MHH,4729,I7G78
4G5M0,616G8,5153,NG7AN
34IB9,E4Y3E,2206,2H6ER
2SR87,3285Q,1727,13ZF3
940E7,YEDK0,6901,1C729
46543,T502U,3364,4VE78
211LL,419OV,9,S8KPJ
95B74,38KQ0,184,6837R
BPD21,84Y5T,311,2M19R
21JO0,83O43,7346,69Y73
B1926,V66JE,8611,P5JYD
3LIWV,6Y61Z,5917,51Z4M
SB3T9,I55KT,6175,4C156
8NW1D,D1436,637,AJW42
K4MM4,5ETDL,6155,QNO98
VDBV5,DE834,6317,5B2A1
9NAFR,ZVIYD,2,FXCK6
634AC,LSXAP,1578,T8A9I
88FKB,187D0,203,07BQJ
B6C75,BZ598,594,WL716
66402,92624,699,02PHG
HELL5,N0HR6,544,18576
19962,TZFDX,6595,85R74
Q6948,E0F8D,6102,XS3VS
K3B3U,K9H82,3553,61215
T6563,5RY1X,5,EQY89
I5H7B,68Y94,1912,DN6M3
27X4U,C3NX8,3327,0VA7S
907O8,68ZYD,508,Q1SZF
2MA0C,ZBFTY,1390,78840
JMPU6,79BCB,9251,9HW92
NB4JR,L8J6G,2586,469P0
7R1NE,0927S,294,T8IXJ
4S1BR,G6P19,2355,R140B
U0Y46,4K0OG,228,D134N
HJ76U,49579,9985,38QDZ
031EI,VWC5W,9206,FI457
H02N9,PJBNL,6937,F5R2G
259K4,IH122,6,V6O2A
Q56MX,A4P07,198,CJ1AW
60XL9,SPQ5L,11,55O6N
1MPFR,71NQ7,0,N00TG
U5E0O,E63WY,6269,4FN8S
WPI76,2W135,109,J49P6
44S18,81981,4955,7Q8U2
1B9E5,N0HR6,78,4T9C2
BSMHF,7399A,4431,4ST96
L3HB3,6IC44,2342,GZ5M9
HK0P7,583XF,9794,08BO2
YFR7W,RU574,8068,66BBC
XC16X,GB007,8045,6347U
4PQR9,F727S,1,D07D3
ZBRF3,47W19,8511,6ETQP
4GWYR,D9P13,7423,YRRNY
XD87G,8A7GJ,9,AACXV
S5DP0,ESTFV,8906,YQV3Z
774BQ,YU4AV,9136,8FI46
M1P09,8KF9A,4,Y5N4X
P1P88,2Q3WZ,9442,7X5Q4
JS34Y,2KV19,3586,D08BY
8B19A,66B5F,5737,COSJ2
AEQJL,7HU2C,3043,LKHDB
4VNRP,O8558,9364,9JXDT
4Q152,423RS,9732,33IZ8
4ER58,65LNN,297,T7CWK
9L8W8,O888F,5753,7Q8U2
NTW7K,419OV,6806,P7073
JZYUN,I3UPJ,4223,4U05M
H120D,76G56,4926,M7IBY
7H848,R7H78,35,DJD54
OM109,P5MX0,456,845TR
PQ6J0,6R24Y,2,JAJ6K
OCV4L,S45DJ,514,A4KZB
X8Z7I,P5MX0,1,LH23B
U4TQJ,8A7GJ,1078,0VA7S
086K0,0DO2U,2090,N00TG
245LM,BV1E4,6200,03G50
659Z0,3KPMV,6540,JBQ96
NE3GQ,0DO2U,1394,94A9W
9JBL4,J88N8,497,KSM8I
NLI02,044LN,628,M1VC3
W0Y0L,8GLLS,4049,96LVP
TA3U4,77S9R,6522,ES46M
WJ02S,LBJX2,3,NO6Z5
3562O,44FAJ,5560,L0BW0
25VH8,1GX9E,2411,8586P
0849C,377N3,5030,42199
H5WFN,C8O59,6383,BRM08
3F0TE,6H0G8,6965,93N2R
65CFY,L18KK,7028,LH23B
573L4,940X6,7,I6S35
TU9UK,4V576,2908,740D2
860OW,HASX3,4720,2744C
22L5Z,Y259V,7,J675B
1QY82,9652C,1884,O4P3U
D455D,H38VD,6584,8J9JJ
39VI8,D7MJP,1142,8RY5H
M35Y8,23C6L,2808,V6O2A
281C9,1MY2X,496,1Z4C9
FPO58,J4LLX,5477,FR17H
H724Z,ZVIYD,4267,HZNS4
ZOHN6,47W19,3796,BKFFR
MHN13,LX60U,882,C14UE
73SYJ,98KGC,7,0ZMW7
G6XNY,9ZX2H,1907,N0957
D75DC,RS4XQ,5514,4154V
C447N,909L5,564,45C0I
76PYQ,2MU39,758,Q5953
VQM0N,I7NZM,8894,14LCP
ZDXP8,91JV1,7108,BKBIF
2WVB2,VI6E5,4533,D09Q8
73OZZ,WU3KF,9509,7X067
5C490,348VA,7,FMI17
1AW4X,SMU14,5643,I9584
EQP1D,BADQ1,6272,CJ1AW
6GC2O,38N78,319,P5FF7
7K273,VU58P,1574,50753
1OCX3,OG44L,1496,XQ3L8
9EBJB,3R58X,6697,5J3D4
P92CX,PV6O2,3313,320B7
I90KK,GB4KL,6231,07H36
9AFOQ,13G5Y,6534,K7YZD
28PB7,80562,4,HCT9M
84G76,73008,2626,5KUF6
7PQ9R,D4789,137,I5049
19UD8,00HX9,7829,GZIYR
2OJ79,4G22V,5797,Y1878
F4OT0,73XO0,7516,U968U
7I314,6P1NQ,352,V7767
11U7I,11W1L,8754,55348
Q27AT,QUSJ0,138,K3AP0
151XW,18U69,38,14P9E
4X3D5,F6ES4,146,LORI4
KQK2L,ZN075,1867,29WN0
8L4MU,C611H,3838,PP7EE
QWN7Z,4SJI3,8921,MF4FV
X0KGK,91JV1,5645,W3N6U
C4I1P,Z33I0,8988,ZA1H6
ZUF63,O5X2F,5405,IQ12N
X1T65,OG44L,834,5811Z
28W3D,3MNY6,6960,Q38DB
6FU64,9EF3W,1096,SB01S
2ED2E,20UXV,4164,08BO2
8QY28,Y7ZR0,8054,FIK33
TZ4O7,NEDKA,2,W8MIX
769M5,38KQ0,2730,M5396
DYT3S,GEB49,5418,P3I14
D9SD2,0AB92,7373,426C2
9FQ90,JSN6C,8907,T124N
QVE05,ETF23,2551,F0X03
KSLG6,0CGBV,5364,IQKUT
9AP05,FM2KN,8767,36HP8
IX440,K8O31,7261,FXT3F
B0MW1,91FB7,4231,7784F
67362,BXOK1,3569,YA992
M24W0,R355V,4198,JDN07
WX460,04MU3,842,5MK9Y
E6XH9,096HH,8063,F1551
257D6,LZNH5,5379,2H6ER
Y1ZAQ,644N5,3205,2406N
50J22,A8182,963,9HG63
7S4LE,5FXJK,1745,V3D00
264SW,KT2CC,7663,Y5N4X
6MIJ3,N030W,7196,YPNSM
SRGGF,C3NX8,8352,8XJ4T
3K79F,8UF7G,1111,PH8OP
7OWJH,J7AJ9,937,L9U5F
17M1W,2703U,1932,1D83B
U53UP,8KF9A,1496,Y0TQM
6939T,BBEH3,3869,11OMM
CM2AY,QSNLH,1945,28Z62
59P62,13G5Y,1129,X1W64
HC73Y,1G9B8,63,47947
X7DFS,8P7UQ,8884,3EKYQ
I38II,0AB92,411,GYV84
GN830,1H6A6,3119,M23E2
73FJ6,316C7,7893,P70E1
V362T,G79WP,47,J33P7
SP126,49579,3739,Y1878
J0H54,83812,9321,5811Z
BFMB7,U5YJS,8388,3DB89
4RE49,3JH8C,2100,EN29C
2T1PW,GB4KL,8068,DJD54
8B0ST,103WJ,7920,38MY7
V1A98,L8J6G,3232,6H26W
B65QJ,F28EA,10,YA992
NU4SD,9CP2Q,8310,WF33S
52LP0,95RON,1029,51544
H0583,VTRB6,8156,DCWKX
636WI,HBV5U,9763,X36UR
AL56Y,79E86,188,O85M8
M034K,WFQH6,6,C14UE
U5KUW,2TOY6,8277,Y5N4X
9CAB2,5GLKQ,7524,U2JSY
ZI377,WQMUT,6439,0LR92
HEP58,6P1NQ,9032,6THR6
T1B40,9DE5Y,8061,3D448
NMDZ4,D7WAL,3,BY07U
236W6,FR880,2604,NPYQ9
R6NY6,E3O8N,17,RICD2
R3ICT,P1M85,8153,6H47P
J0K22,YR2PX,9318,L9NI5
9VL17,6H0G8,9763,28Z62
P7XGB,6E7VA,3980,2YF3C
15Z3B,M606L,99,55238
8H754,KF6F0,1204,05P5B
28224,5I85Q,481,NL8AO
7807G,HHRZO,7900,46HG3
R4HX3,7P8C3,8,9T5GG
1U4U0,69O97,9626,75REI
JMI4Q,682Y7,7500,KK95R
1P124,J88N8,6531,AACXV
RH2ZT,BXSD5,6728,28C31
066JX,9PGM7,973,55348
01406,51871,3676,H1C3E
ZX621,2703U,401,7F04Y
JI67A,1BWMF,3632,K3AP0
U00QT,4RF76,5,980X8
M7RHI,8C293,5611,P5JYD
2PTXY,KN58X,7448,VX138
JYK0Y,8D0I9,1400,WF33S
560K4,BADQ1,971,2MLHE
V6QT6,E4Y3E,794,8S462
S6QMI,18U69,39,9S33A
0PO5Y,88E78,9019,Q201U
AAO9A,TRL99,9626,I7G78
672N4,TRL99,7835,6A3WX
4A29U,Q11BG,4,68051
U6A1C,705R5,897,722W3
9EBI5,IPBN1,4902,29WN0
WF37J,H64L9,3,Y9P0W
65I8O,BX0LQ,325,90O92
711Q5,8RHTR,2797,W5178
46BBW,T25B9,428,IQ12N
73NIZ,R6V77,3004,84PN4
1525O,HASX3,8357,61578
6FKDG,5GLKQ,7733,84PN4
QU33G,G4T9G,5,Y9P0W
0HXG6,1BWMF,7541,1M082
F4813,O86NZ,9100,DALM5
2J532,TS73L,556,442AE
1H91X,3EX5C,2373,7H48I
1IZV3,316C7,5843,7LRMM
QQ51G,IPOCL,7370,5W741
E5WX9,096HH,30,GL90V
13JRR,K9T82,4350,NG7AN
DXA0W,MPFCZ,9,5AJD7
6739Q,9X5DF,5617,6L1H1
224M9,TU46X,9666,QD581
55X8X,LX60U,8634,W2JSO
4KT01,PQYJ0,7833,U3O56
6AOEC,4OV1U,2430,1515Q
7113M,5HZ5S,99,I9L18
F3SL1,H9THG,8794,0LR92
5HTXZ,IPOCL,222,L7Z1D
O2GZ4,705R5,7,Q96ZG
QG3Y0,9Y4RZ,193,6L1H1
S5U6A,R0OBO,946,YPNSM
3KXMF,D9AJ8,5,8J9JJ
X6LWT,980U1,9878,MW8P5
11GA1,4OCUL,6009,94A9W
93B6Q,2NQ6Y,2373,15B6B
65QDW,5ETDL,1271,99VCX
1OCUB,6NR73,2616,Z0E81
68GY8,G4T9G,9440,46570
LB4QJ,F2T83,2065,38964
6MG1K,G9FN5,728,6Z8MM
5468H,0Y736,6198,QEB30
9TPL4,TU46X,3806,01UD0
ZK191,27389,3958,9Z12U
X4M7G,O5X2F,1382,76S1C
R5NN6,80NQ0,5701,VQRP4
7XN6O,5O0QI,7675,3AKZ8
PGY76,76361,1255,DNGQ8
76F98,K6H8I,16,P774F
I120S,ZR1D4,8584,N0957
6JT9X,RV2X4,9396,9S9S2
QI6CZ,81981,5,VQRP4
D7PTX,3L6F9,3877,4N0RN
N7X4V,JSN6C,2553,5899T
01D32,39ZZ0,4976,N348E
7AW54,B87N4,9,I7LA0
92H69,9JF2N,65,7O19F
Z58Q9,C8O59,57,I5435
UR641,79B3K,5698,A312G
GC30L,790R9,9781,XS3VS
090L2,VTRB6,2840,5N8TN
3E243,9Y9T4,6,M73FA
JYQZ8,1WY07,3391,MW8P5
J97K1,25KFO,0,P5FF7
4WEMP,TBJM9,7882,GL90V
B6O29,17GDU,7563,1BR00
868JP,G4T9G,2481,B9ZL8
9S21H,G4T9G,7401,672U1
FJ620,13D30,5525,GFK67
X0K7B,9TUQZ,6788,289R9
QL60H,DM79Y,220,ISX92
HJL93,L1FFN,639,MQBUN
Y765W,4C045,9537,9HW92
7VH2P,3BK99,37,9Z12U
N3O86,1H6A6,55,W957A
2TQKO,795SB,7801,V0EW0
PUVMR,N4BY9,1,BJ1ZC
6X6YW,9GV7T,563,3D448
6VYQ1,91Z3A,8325,I7U37
S04W6,95HJG,219,EQY89
INGXQ,Y7ZR0,3161,9HW92
2EG9V,7XZC6,7999,2744C
KAD9X,2AVTL,171,TV4EZ
1R3ZO,BADQ1,6,0IY36
VF62U,4G99U,5,T433R
TK1AL,0LTRT,1468,2Q2EO
37KL7,BV1E4,53,8IDDX
7LXFN,83OH7,84,2NNEP
35TXV,ROBJB,9875,7W7T5
A9J44,W9436,82,1EAJ9
Q72UU,5965P,9300,I9584
1I522,9497C,7813,6347U
DYW2P,HBV5U,2723,Y9P0W
803QW,0LTRT,4743,33ELR
29PMK,0W2B5,8739,17TI3
9X2B7,85E0F,7778,3AKZ8
0JI87,C611H,1493,07CW1
XOG59,9JF2N,9502,357RR
4Q56C,89YNS,3884,7O0X7
D4958,1749L,8402,6YIGR
OZ06S,VI6E5,6728,CK9L5
0E80P,18144,6116,UA2H6
E3AG6,78X09,6108,2D4C1
L4S4F,8P7UQ,524,DP17Z
66WTZ,8Q0EL,7450,30TO4
46067,09724,929,180IP
422V5,9B36R,7218,AD885
2J807,735Z7,643,47DSP
JF75Z,I7NZM,770,Y79PI
D5K5J,E0F8D,6924,WZ5Q1
60246,96VT3,9008,2D4C1
DT36I,G79WP,5941,8MK8N
6BS22,FJ2YY,46,RWVZN
E10R1,PR9UZ,34,6067V
6PDL5,786TB,2932,96LVP
LKT2S,8P7D9,826,IGIOH
43C8X,B9Q4M,9961,72Q6E
U25NX,PCYMD,7526,014U5
AN04A,G1302,0,0399I
AF0D9,307K7,4237,6UF59
F1RQ1,W9436,3887,EQY89
8D085,609NH,9744,RICD2
81JJB,980U1,570,7A13G
8LH72,SUK03,538,T8IXJ
9A9TJ,W6NB1,8955,739BS
HV065,T7JT5,5575,K4XFT
0JVN7,O5X2F,67,SXF2A
TIXK1,0V088,7887,76S1C
WU16L,9T93I,3491,0VA7S
7Q8CX,S982S,6274,2P41F
SBBZI,76J4K,8364,OYT16
94QD3,9036I,45,4VE78
K3BCO,7PIQ6,7779,ZJ43T
MQR3J,MPFCZ,7373,DN6M3
M706Y,V66X8,655,N0957
GF103,HBV5U,358,08BO2
N6D30,0927S,2752,A159H
AC815,3W78M,295,SXF2A
738QZ,TO61K,9,L5K8S
854ZL,MEL20,3744,V7767
AE1ZU,1EHX7,7459,6RBI1
H44D1,SBTP8,55,94378
8M7H9,KT2CC,6331,G5473
68F7M,XUKV3,8110,2P3FG
3I811,8VQ31,6,83A02
N4R3O,Z83KI,110,KSM8I
NN8BI,0BTCD,3353,1AG88
2P9K9,SMU14,6252,2B732
Y1590,46220,2451,014U5
6BZ9O,WXLSF,6475,8RY5H
J83IP,1H6A6,7219,P48IU
6PN2R,4X76S,5540,GG8Z1
5RVAF,BXOK1,7568,29840
56KCM,V430R,343,19YH2
390HY,3CI1F,2854,8FI46
8I6R1,P5MX0,525,E89PE
WV8WK,4F124,8,F5B16
1L3ES,2Q3WZ,5617,0W17C
GB101,A9M5O,6577,AL96E
1J419,3CI1F,3548,KX862
7WN1C,RLTVX,3210,7J045
O4CA1,348VA,8020,2MLHE
XNDJG,57MHP,999,N96Q0
18W4P,D6U8N,2,2Z6V5
42743,6NX4Z,1890,K5W43
3VU36,VJ233,138,K1E9K
RF27Z,QUSJ0,8322,S8KPJ
7FQ33,17QP8,4574,WZ5Q1
OPM63,58Z66,7050,M4873
MLO95,8P7UQ,9586,0975C
772SY,M2Q00,4366,KX862
O3Y9C,CZ84O,2356,0Z6O7
5M5J1,6DC47,5,12H6V
9L7GH,O061P,1013,NO6Z5
5H5LD,58XUK,4555,LQ5L2
M01AH,790PX,8379,19D64
66Y14,51871,4273,0399I
U6F33,V6RZJ,2145,8W796
9940N,ZO45M,8,39BL3
I637S,419OV,1244,OK8G6
ZPFIG,46220,2550,2B732
0SG8N,90G01,8930,AL96E
Q418O,SEK25,4599,221F2
GA6G3,AG100,6484,0W17C
8EK1D,556RR,1035,1QYT5
0VO6D,N030W,7,4M40X
R11L1,Q8T6T,7,69BZ0
N49D5,3P1AX,829,28Z62
34M5V,TS4NI,1346,VX7AJ
9049M,1LXB1,5478,O85M8
8L9LK,WI0V3,6718,07CW1
061Z2,DPR5I,7473,2CATV
3X791,YEDK0,553,0399I
GTLPN,58XUK,764,660AH
H13PW,660RN,1463,7JI98
S3X9L,14957,7190,VL938
Z9U3Y,FA34P,7,OS0BF
8W8K9,OXX2Q,755,RMF11
996Z0,YM07W,9672,2Q2EO
1606H,68ZYD,5117,3Z245
DDD93,6H0G8,4406,12H6V
4QNTL,862FC,184,8XJ4T
I9PES,V9N21,3659,U137N
2A11Z,316BT,8373,R140B
5UJ4I,07U75,3922,9HRXF
78R8K,YKM52,0,VL938
BHO54,5D70U,6,L1GU4
KN156,9X5DF,658,4VE78
6256Q,00HX9,3433,0F0H7
S263P,8MR80,6553,8550I
4090T,33BKX,876,7O19F
5PIRV,K5JIR,4758,0A0JS
5O5YZ,A39S4,886,JZP86
3RBJH,2592R,7858,GVX4W
KNF37,442NV,9,PH8OP
67Z95,8D0I9,3629,7F04Y
FS7UJ,7O7A2,6225,B8KBI
383HE,X3S56,9320,KK254
E83Q8,D6U8N,2079,XS3VS
5025H,PA9MP,4476,DC7YJ
7H5Z6,MAW53,8088,D08BY
Q7364,705R5,966,4GY67
YA8FI,PKI3B,3990,C14UE
4817B,1361S,4533,I744H
B0471,4F56A,1,47DSP
6Q4AZ,GCA4G,1934,0975C
R5UL3,482E0,1,770TJ
3C9SY,K8N6G,3468,0399I
JG31V,36BZ3,2623,9CZ0P
8661I,4VH76,9714,9P470
IE0R3,8NBHT,3222,78840
2W7X8,GB007,98,0O707
TQ39P,TKV7D,2757,EM8C2
45B8K,DWOL3,6098,T433R
Z459Y,Q851W,9405,78D97
929E2,5Y2QE,5998,4H5C0
513PT,834OL,6,26AR9
Y0GGL,5S757,1993,H445K
3L25O,TPNA6,1220,VQRP4
HUBFJ,UG258,2513,221OV
19P20,L1SE1,6403,45AY5
0FE2N,3M880,3272,3F062
HR8NL,WUU07,8458,14LCP
TIDSL,08D41,5670,Y0VRZ
3598Q,NK49W,3539,7X067
I221Y,5H65E,350,T6B16
BH667,QC178,32,7N81W
P9418,ZS0F6,98,4CKRZ
2W50S,1Y07Q,317,ISOUM
H327Q,7RN2S,1604,M73FA
9Z7P4,Q4K94,532,N6XWC
0676J,IPBN1,6300,J4Q3H
3G18K,Z60B6,3915,FS8A9
2AP00,0UO8X,6712,FS8A9
4EI9O,CZ84O,80,UTT2X
23HT7,F6ES4,8668,I24BE
7ZYLE,85E0F,8,8QK5I
F0424,TS4NI,1579,55238
QT2JH,O01Q1,4284,TK1TX
T3208,7X7TX,8971,3F062
IV36O,3LAT9,6266,2N8BV
Y2FGY,5ETDL,3026,L9NI5
7648B,OJ651,27,0P390
8C3F3,HNB86,948,SZ465
95N77,2Q6W5,31,0399I
607T3,316C7,8400,HBB8L
08577,O86NZ,8077,9HRXF
98D11,1V7W4,14,5811Z
01EW7,682Y7,9,8O831
Q1KYS,71Y7O,8614,L1GU4
F5S7J,70154,6,9QNL9
2B74O,A2F2N,7286,GFK67
44O93,JGKN2,982,C14UE
1O3YH,04MU3,3,2E162
0WKDN,ZS0F6,1797,BLJQ7
67447,1SA9L,1886,80K75
6JYI8,58638,57,188K0
6708L,80A3G,51,FX04K
4GW6I,8W6GD,6393,3N9GP
65L97,65556,8809,LKHDB
82758,YR2PX,3873,38QDZ
1U1J6,IMY1T,1977,68051
TCHDL,XQ5V9,101,UY3NP
7QPD8,A2K73,1981,J49P6
14B1K,9B36R,2132,188K0
68728,56L07,9096,84PN4
9JA75,8W6GD,490,3E5A6
K5179,4TAYG,9588,CK3O8
ISCKR,77J96,8812,SB01S
7CY15,F727S,1,6H47P
A5X60,ESTFV,4917,64428
FGG5P,DM79Y,9595,38MY7
827J4,ZS206,3,YRRNY
X2R86,D49G7,5108,308X3
1718Z,U22O7,9912,02B8L
QR360,2TOY6,1,Y1878
9XTO4,82000,8973,L9NI5
DE0I6,9EX2R,932,T6B16
W31WM,68Y94,404,ZTDPB
GRU0G,ZN075,6324,W71VA
711F5,WU3KF,3237,P3I14
NIM1Q,I990M,533,3EKYQ
O0UB2,4VH76,188,GRO43
UH5ZD,9PGM7,7022,6H47P
7280R,UY9PP,955,M4873
C4AR8,DPY0T,9352,49SZH
206OY,7X7TX,168,ZLX5E
1C3NZ,JGN63,8305,L5K8S
C7P2D,08306,45,3K3GY
2BOXQ,85AER,3,8550I
3M4QJ,72PQ8,3533,Q6ZIR
XMB7D,3ZOV4,7028,SXZY6
05BV1,6Q7EE,7630,W957A
4299N,W31F3,2,597W4
55KK1,BP678,88,03G50
C45PZ,L09J4,7680,5IBZ6
8ATJR,0W2B5,3531,9CZ0P
8T1V2,556RR,1,LJ68R
MA1T7,7RN2S,8402,180IP
J4FT2,97WZ7,5636,AXXSQ
0H305,5S757,3867,3Q63T
3N29M,3MNY6,4063,6Z8MM
41I5W,W445H,2341,770TJ
A458O,07764,8265,Y9P0W
C44NZ,2XS4P,1677,BJ1ZC
T8J43,E2PL5,5990,GYQNH
274K6,3MNY6,1782,2D4C1
84R17,ZO5XW,3686,O4P3U
30D2Z,UY9PP,462,N5KHW
7US87,1WY07,5116,LH23B
406RQ,Z967R,8134,BKBIF
00314,187D0,7185,LJ68R
LVICH,38N78,9774,5P89G
85PPN,1HY08,4,NO6Z5
08B6V,5RY1X,9116,UO45G
67L41,FJJTK,2976,195C7
BMY4H,2BQR5,7446,P7ER7
PUDS9,7399A,6452,30TO4
764CC,K2X8B,4,BK3N0
059P5,11W1L,5210,B9ZL8
PB746,FP5SJ,5722,KCAV5
378JW,3Y59B,1499,L9U5F
NHMB4,4I46U,9035,J4Q3H
G6BBG,629Q1,6160,25391
CF34J,N95C9,3,6PNX1
9T04J,Z0G72,6,O7105
RQOH4,1SA9L,3203,953T4
2ZI9T,4YBYC,7308,70735
SL12G,0C28E,2843,C3992
1VI18,9AZ3A,9286,UO45G
57O5Q,7DMWB,6172,3I2NT
WX03W,7WHB4,2227,9S06E
523AN,FP5SJ,4,QEB30
BYBCB,2KV19,4112,I9L18
QHF24,YKM52,3465,OS0BF
UTO3D,9Y9T4,8555,07CW1
52J35,VU58P,4367,7Z02U
WW6S7,11ZQ3,7,AU3H0
KGV38,IA8BO,9308,J4Q3H
409FF,TEWH8,5092,08W95
9G8B2,FP5SJ,8569,99752
0MJQ0,5U192,854,9QNL9
I1VTR,4H203,5693,2QKIO
L6379,GKSF4,814,VX7AJ
09XU1,4OCUL,5139,49523
3TOE4,72PQ8,2050,O7105
U2V2G,65L1S,4589,O7105
LC073,316BT,4943,MV447
0EDT1,38XBK,7082,3EKYQ
EZG93,B33RG,4636,U3O56
X3WU7,327Z0,1,59CH3
G80J4,Y199S,8378,6837R
XYS7H,7399A,9114,ABWQT
6X483,G672T,45,FIXCI
44H31,9EX2R,4927,D134N
LV2F8,8QW5T,5350,9HRXF
M9062,1SA9L,856,7PF2F
71W9X,38N78,3337,Y5O09
5R370,644N5,525,469P0
6K95W,8S3YK,9312,UZF28
M844K,EY7DN,9788,9VIZ5
7Z514,570H7,2779,289R9
0E954,M606L,3224,0975C
LC9DW,19F55,2169,7O0X7
1389V,FR880,4226,I6S35
8T05S,RU574,3066,Y5N4X
9B664,27TV1,5182,Y29T8
04FN6,G9FN5,3619,TDB2T
UH1W8,J7641,9870,EQY89
8OBK5,V66X8,7141,3D524
881VM,M2EJ4,759,Y9P0W
IZQ08,L883T,9177,469P0
VU8S4,06X1Y,2796,D09Q8
XY8H7,BXSD5,685,BY07U
5358I,W15LY,8521,180IP
4F9K0,01O72,5552,4V587
78TJ1,BMR2Z,1740,F45F4
071Y2,837F2,55,J675B
5N875,9AZ3A,3920,64428
1B36U,T25B9,0,H3E77
11XX7,3L6F9,63,JBQ96
LGB7V,K2X8B,2844,799BA
1DJ1P,3MNY6,9879,30R42
7E33P,47C52,9,4GY67
1768M,O86NZ,1421,68051
Z5G8C,BP678,554,0LR92
6X6SX,22W35,1,DEOQH
TSA40,L9KWQ,2073,R140B
74DCX,C611H,527,1DK11
88HFJ,IXY07,184,94378
79U82,G44FL,7,YUQ5Z
FW9HE,3U8E9,8307,L1GU4
Y2LY4,G2VU2,98,IR09U
9WIP1,O86NZ,747,WF33S
6CGZ5,G44FL,392,L39H4
Z46GA,U2OS0,7251,8L14A
7P74Q,11ND9,5965,51544
Z1L0Q,G6P19,6513,5W1S9
WP8G1,2MOIT,2167,Q5953
9AAGS,70MCB,772,0975C
O80O0,17GDU,9756,BXM82
PT8U1,H988H,521,5AJD7
G3F5O,3L6F9,471,M1VB1
JF920,U84FB,3978,3X4U0
DN6W1,6JUK1,2385,5EBW5
D0Q0U,P5MX0,5300,ES46M
5O9FS,25224,94,6L1H1
OEG1N,5Y2QE,2792,8S01D
Y9TV8,FA34P,2955,6ETQP
F80Q4,894T4,3239,RJ591
Y619C,T629S,7974,I6S35
823WJ,5H65E,98,81GNL
505EP,PKI3B,7835,1W2Y9
6YQ3M,1Y07Q,5532,NO6Z5
150H5,Q851W,9554,Q1SZF
LDE72,M6HI0,3855,28090
B9YVH,34DPB,8530,2W9QK
DYSI1,L87TE,32,2D4C1
6D7NO,A9M5O,8455,6THR6
U1I3J,3LAT9,6803,180IP
7P9VU,7BN14,9874,5446C
H5DCJ,D4789,28,845TR
91DJ8,W31F3,3719,HSY0F
FY82J,JGN63,164,85R74
TMQ05,I7NZM,4254,0P390
6I934,723N1,8842,X1W64
57V8B,P4KT0,1452,9GGWU
IQ1TH,2KV19,65,J4Q3H
56T50,08D41,800,3G2F2
2EXXT,C565E,6306,0021R
09OS2,C3NX8,5,2P41F
4O15T,34DPB,5,7J045
60442,IO8K6,2216,I589C
ND01X,R9VUE,86,GL90V
YK046,77B60,2852,F1551
TYPD7,638S7,8384,7X2Y2
GC2VO,9Y4RZ,9759,8O831
5N038,D49G7,1410,D8MAD
U489O,P1C48,2987,GT1F7
48J07,Z33I0,3727,B0CHP
HGYJ5,GU4NR,462,1030G
KW208,80562,9150,4Z3B6
7RV2D,91Z3A,9336,1DSRZ
AZ78R,58AVO,1948,0021R
Y3H43,ES9U6,7339,BJ1ZC
R941F,34H5V,77,3V656
