"X5NX1
",2GKU7,VT3gMYvsbetUtZt/D9ULHA==
"RZDSR
",9F841,BspHkOB1uHJvqfEovgTe6w==
"143AJ
",64432,4wD5s0Ehw9LdJZIe3stOkg==
"3WV69
",SB01S,vCBRs0O77JJ6aVRIcYGVdQ==
"BMAE4
",54NU3,UCfkkSbiazJ/YcUSjFkY7Q==
"AM5O4
",3DB89,pijlLK3YP6y2z4K2MXDgeg==
"9H9JI
",0LNE5,EREbJGmOzXaCzi9ejmbNyg==
"7O943
",4MY80,vSjEoot8OpZVPfbXeSJ2JQ==
"0F93Q
",U968U,thWjAy1qFLGKoidi/30j6g==
"K405Z
",MW8P5,oVQ3xvi6v7s0hRiVAtoYkA==
"QG8OV
",3RSX1,ha24WXl+LYN6gCj8csAnOQ==
"CN9K8
",9JXDT,thAfxOJXcGz7Q+jZUhtmWw==
"82ZM4
",6NZ98,pQV2sw/Q0A4+lQMX+osLOg==
"OQ6J5
",8S01D,AD2tkQTkPyNiLOiFw3K34g==
"WOEWN
",D1R33,lX1qWx+zO4/nk5jn9P3HvA==
"8U5X1
",9WM00,BLB8yxWWcaGQwLxAp5k48A==
"48A6Y
",81GNL,KVmWLL1TC9nIBiDY6NdmZw==
"3685U
",1F9IE,LRHyhJSCLTWhNd6CyzPEhA==
"L650L
",22O07,ODLcCNrBxyXLmTnqKs7wyA==
"B3M2T
",289R9,CiQORHJR0wjU/BgDGgy+fw==
"LX629
",UZF28,O/DuY1iljUw7+f7qgf5JqQ==
"U333Z
",IQKUT,XBrnj7BHy/L1fyv5tzcWbA==
"VY45V
",KK95R,aqV/gEq4ZSP1JBzlw9lpVQ==
"ZCCJ8
",442AE,+Vy/CuO9x6ms6Gj/r8wPLw==
"5UY9O
",CC5YP,T9cv6yaRNQ2lUhuD8PnTxw==
"6L28H
",N5KHW,rM1qmafB1yCF60tnoFJ4nA==
"MBV31
",E5V30,x/ZARL3qJLgQCNSzocCSdA==
"218A7
",1D83B,GqAoda8NvUKvGuB8PAs6rg==
"A970T
",658WC,LB96hr2sa+Qdap4KO7uE6Q==
"C7868
",EN29C,2d9GdUL5c4RDon6byu8ObA==
"1A99F
",2E162,bS+QasemdZoDQPAaWf5peg==
"BGI56
",I2EPG,Thd8y/wpGLpW/ndvikYqSw==
"DIEOJ
",ZJ43T,hUuFy/8nUvy4hga8p2+Dxg==
"R446X
",ABWQT,Jjzs9r+muzqoxJdXn0ruOA==
"41821
",IQ12N,BYCu83/OQsbZfWH/FEt7jQ==
"R1879
",80R2M,ZeITuM7oLI4Ic+M+dR9e5Q==
"H6240
",VB6EF,kR5q7XSZxkwX3N6lTj664A==
"1722A
",SZ465,4viWI9CzviUe0VAH05+w+A==
"T2D5I
",RV75S,rUGV3ubt0NkVb83vyOusHQ==
"94L29
",0021R,OU08fIsrkPmZo+fcywI1pQ==
"0AQHA
",BLJQ7,itV+dZD36jU4DFO80QpEdA==
"2OD30
",YQV3Z,ZtY0nevM3igOKdooCbT1yw==
"EP9Z3
",U7A39,LI+caYrf+Eo4q0FaHh3mWg==
"BIB1R
",5PZBG,y9khyGTOIkj3ouiuySbEwA==
"61E3H
",7N81W,OllQMiIlRqEqATDAOds4Hg==
"2O277
",T124N,Ne8TN6glqs/t+x4zJHnTUQ==
"J001T
",85K83,REhzU9nM1pQXF62xgQTF2A==
"31R6I
",4294I,FO1BcX6sr6zK/FDbW2MSHA==
"9S6G0
",P5FF7,9HtmtC2iVQwYLW3NzLverw==
"JXOA5
",6067V,vWPmJ8YZDemYiXO7ONH62A==
"ODZP8
",EQY89,I4gdsCnX4qRck7nUU8DqgQ==
"D66IM
",T7CWK,rJPKr+/7LVuBU3bjWzGIeg==
"3A9I2
",632U9,j/oX8USwHs6C75djRJUG/w==
"VU9DP
",PH8OP,2Wzi3KwAi8hQMiQ0jnuFQA==
"7BE01
",2NNEP,Xz2oT+dXXLP6Z6FXs/c97Q==
"IT120
",3I2NT,i+KSGq0IvkgkeWucyGGW4g==
"7L407
",JTSG8,RE3Yq2OLivJh+J/SDFgqYw==
"7QNXD
",64428,WI8Sbx1qtVcO/eYGy/zNSQ==
"T0QAQ
",1696Y,fokHxRcvkyCAiJ75Q2xsXw==
"7QWWX
",799BA,oNvOZ1mwuXo78ytmtvht+A==
"4LHGA
",UVJQ8,nFCNauf1J2JNmjFEGVC3HA==
"SV5P7
",1515Q,/+6dd0s2zyQHz8VAdZczpw==
"JI94J
",S91VB,6Ff/CzfY3yRMIQCYGxKx/Q==
"ER9NT
",6NIIB,MJ/H07xTu2OsQuNZJgrHQA==
"EJD66
",6JJQ8,dWwAqhyYnK76gDaueQaB7A==
"9CIVY
",68X66,SrW4K9Wc54yuIbqUdGrsUA==
"5R6A5
",A312G,ceFCg6NTw0qKeYcxUcp5mQ==
"07O99
",6RA0C,n+GWHu4Jmf5jDufobnK3FQ==
"MC1E8
",3F062,m01n+uVTMrkYyJSEjT7nPQ==
"243W8
",R087E,O5CxVyoG08kb93xMg9WTsQ==
"7WUHZ
",33FDH,j16h/kzp3/MdtyjBtNUA2Q==
"51H04
",SA656,us4QQtSNOaaB8HeTYyQJsg==
"K69N4
",80DGQ,GmTp3X6nbTMXFgz6aWcB3g==
"Y72B2
",P3I14,rsDNrk5KIxCMwCINLy7Tvw==
"82PU5
",85K83,pqqaAUKCBaWqPc/hlqgEng==
"JUJU5
",K6CE0,dlMOm030hatHrZqhoIiwPw==
"5UB50
",E0DC0,gMIklfR02mGzACPN9Smovg==
"87CI9
",C6Y1R,vOif9riaPkoT7ZVqii65eQ==
"Z6U0B
",CLUVF,m3sgyEpIwkQDcnYFCaKunA==
"I7342
",BE5AC,VxwI8Ez1/JG5jkJqI2yUzg==
"QJH5J
",I7LA0,S8w2lSETE8aSNy5cd8xqcQ==
"38XV1
",2CATV,mKlxZMkEKPcuGyHkK8m9yg==
"G7VHI
",4ITQ9,1tPUsOMQz94Yjym0uM6RFw==
"U8J93
",80K75,WN3pxNQNa8BOYc0Jux5Yew==
"8I5UJ
",7365L,JT1hn/F4naIFls/prkCSCQ==
"OJG55
",ORRY7,90ZR2ARWSxwDNjbTnVqyBg==
"YXZNF
",CPSOU,gT0UMg8O2+CAI6ZACkL6eg==
"3U065
",Y5N4X,P9dRbT+mNcM0OLFNBvx/dA==
"V10BA
",6RA0C,hG4eldIDefJJt9E+CM6qOw==
"Z2DXN
",0ZMW7,C23Wh9HrU2L/ZJY3PDh03g==
"R4Z55
",05P5B,Cr8pmt1Nl6Uy/tpCKuuAwA==
"98EI0
",M0PC6,NAIoJDZ3xcUAblAU3Q+AWg==
"24W0L
",6ETQP,gc2MH/jKTHV2nF0vOAZm6w==
"4DQVA
",19V3Z,51Z0z9ZGNNGGcim5VgWkzQ==
"3A8PV
",A60LQ,Fndq61A0j3iRF4T33+pTfQ==
"96G2H
",S1F80,pKNkgMuNBYFuSyFRrW7Myw==
"40OA8
",99VCX,fkLhNmkmtIc72/+ng4YA3A==
"94186
",55348,P3mZet4GYq9wxS5wC2limA==
"BRT44
",IIHQ7,F31Sw1zOhI54eyq5PEw2ww==
"5079J
",EM8C2,IRRTSQ30FUBN7WZG9GF+qg==
"2G23M
",GYV84,weD37MkHvYjCN7Q76EFxTA==
"0PCY4
",UTT2X,an6CFybaAew1BVuWtThUNQ==
"5AS5M
",HSY0F,Bvcnvv0EHmiaCMQWDtY0bQ==
"G849L
",RICD2,Y43ssenfy7r6ZFz1YWy23Q==
"XB3S5
",5MK9Y,bVq6u2Xp/yFLc+iRtK/m6A==
"277Y4
",N63Y5,kxa0y1iNyQ4tP5mkMAD4Cg==
"JK339
",61215,ahF/XKCTWmEzmGpOVGg/ZA==
"73FKY
",Q1265,dhnwQNk/B/DkIfgjalHoxQ==
"87G69
",91V06,/aowrVA84d1EhSFk2RIKHw==
"K2404
",221F2,l/c7HOfEX0OP1E8Lic0OKA==
"XICC9
",7Q40R,vBPXWapZDBNdtz9KC2q7ug==
"A691N
",21374,k65cPtMxrQ7xVZlWI+oIOA==
"J8152
",6THR6,aRHJleBBQMwqF4P3k11gpg==
"QHKR8
",3K3GY,iJ9NRfTf8MwQdTSLwPJ44g==
"JR7Y5
",02PHG,FFyhw33EytCcPH3oN9pfhg==
"6Y13S
",N334J,490uf+EpLfcHk/PHJTReNg==
"93029
",HZNS4,IWoI2X92HCnHmopZcgbu6Q==
"2T42M
",08BO2,nmQHHgfaQHl+Wf8ZVQHTcg==
"GK234
",7H48I,vvjp9AOXuPmNlGz3uQgfWQ==
"1U3ZS
",FIK33,/m3XoYXX7DrMb1TOCccmzg==
"454P1
",F0X03,Q+GPlzibXFwNX0SXltwxvA==
"7UOAE
",2481H,kuTS2j0VKLyfZmi7wm1jPg==
"M421X
",KN016,Q//cmmd4U+dIB/ZOgK50lg==
"806G9
",JTSG8,sKBySSczwIkY8kec4B+3hg==
"HV349
",O0GN3,pN6m6gvwk5NCbSf1emDBgw==
"97MO4
",71MR0,0jCJ94g9t/UGViLMOFBjbw==
"0D2X8
",GZ5M9,9Pa2ysTSB089WQbpxv4A8g==
"SVP40
",335W7,y5xyFCa3Nt5f+iP8ejZ7JA==
"43HV3
",UTT2X,RMPS+oPzpb/mmCufD+KQrg==
"O40RR
",LORI4,YbfUrEXXkDoVNr08wfOUBQ==
"1M438
",32DMC,/vI1cHHaCEiQl5u3fwLcqA==
"8Q6SS
",6JZ4X,kuTS2j0VKLyfZmi7wm1jPg==
"J7RZV
",07J12,9nGWnvFCPpshzy8I8VvjNw==
"0GXR0
",580Q0,/sWgKV/JswC3/YZnCsh8dA==
"F052Y
",660AH,kM9rsaa3cTXAq3Vbl4zhrA==
"W5233
",76S1C,xq+v23gcdCeFgwYXqvZOCA==
"ZEWTO
",K6CE0,A4pozdTzTLm+58cfXQudJg==
"66306
",1Z4C9,6Vy3jx09ZYA8rPCzeg/P1A==
"W8C4J
",GL90V,Qy4FPc1DXXdlsMWGGzcT0Q==
"R3QLW
",6ETQP,kLUGfwxZY0fWbdRf4wCv5A==
"IQQCF
",55O6N,hs4Vp/OfwUMjt2yblcZhZQ==
"A1V70
",D09Q8,pX3fJ2fK5uW3isSi/cJpHg==
"M78DN
",8NXJ6,mL5a4wh88ltdWNKCKajVzQ==
"Z8Z05
",EQY89,yC4+tS1EPenfcIDbY13q2w==
"H6867
",P1XP9,MqB/+nzlPxYfgsTy1bIVew==
"LOO82
",9N701,pPDO3JNhsGCMSRQRD8WbCw==
"QT78W
",P3I14,vZE1BU4i4hpM5m75N+Z9rw==
"NIGM2
",Q6ZIR,a4R60U/eAsVFTr62AuQQ3Q==
"746NQ
",RX5QV,86FiSXgbLIMNjezo10wVsA==
"V0W9K
",NJ3R6,rPbQ8QZcRHvVxvhpYHaFbg==
"RD661
",8G0F4,6MpdRcXyZAXMi7NRRshHqw==
"K5865
",UK5V6,VnULWD4Wgj4GyFAEfShTIg==
"Y5BZ3
",E4MD4,QVVoFF0c+MxHpzyQSwtLOQ==
"7RZ47
",CC5YP,y6xrVrBeKKkeSURUgn/Evg==
"9075K
",YUQ5Z,nq0B8WOvX0LxMy+k/ulDmw==
"4IOM3
",BY07U,KyOHYoDcc09WTw8HodAF8A==
"WI97B
",4JCI9,ht4ewiATTRG0XCxNFKpMAA==
"5VX6W
",1573Z,KIqn9IaHtIw36VRxMxFQ3Q==
"KHM78
",08W95,k20puoTgp0uJVqtuQNpRVQ==
"LJ4R8
",COSJ2,8PPic10Ywb8pOSfr3MfaOA==
"VE745
",EM8C2,R5wYWQQue/CPO1mpVKc6GA==
"1JBU9
",RMF11,tD4o0bEpYZ2aHoGG3w0uGA==
"X8X75
",I8G0K,/2D45jbWacujHu4tbviAsw==
"131JR
",22O07,rJPKr+/7LVuBU3bjWzGIeg==
"YL115
",L7Z1D,CWfn3LOk5Y74dULLEjBZoA==
"U761X
",8YNY7,ujOvwv48ZKjALlpCDb6p0A==
"YKCKY
",RFL73,aJG4ocmSc596SPaemblN1A==
"P2N26
",IT227,kuTS2j0VKLyfZmi7wm1jPg==
"3HC92
",E0DC0,T/lDspvJ/yvnyxF5jhOV7Q==
"1N22U
",W957A,+5OyJNUn2LAKVbm8fgrt/Q==
"7LJEI
",I7LA0,rLMiwzRkX6YmqQe+m9izFg==
"TO2Q9
",2GKU7,lakX95Klo8DXWeFPB58wfw==
"52J13
",I6S35,PCvIvkmh1bvJvJsdN/iYRg==
"D8S36
",N5KHW,M5uWgYQBoDYa93A5mZ4+CA==
"B2K1D
",7RT06,wX9r/Xt2LX8Mr8yJcMkQ5A==
"9P959
",Q53G7,PDJQPpFjJrNlL4sE7y9n5Q==
"96801
",XQTHH,JmLbS8l8JOwDKwzV31rC2Q==
"U5DS3
",6347U,WkoPOEwvoFBhamnRiIchug==
"Z8681
",9P470,9Ndcoj7ZMlKzV5wCwbswFQ==
"AXM5Y
",660AH,XQDiaNXOhcRy6/Cyqw/wqg==
"4808U
",85R74,nZeAR/P4DxGciKCoGxtNeg==
"2I98P
",45AY5,OMHNdXJ6cO6sACOJDrZdwQ==
"VK5EG
",305SO,D1ijeXZ5PlKpobfqaOI2lA==
"XJ6U3
",ES46M,ZjFJ520CxoBLp4YtrBje5Q==
"L0U6X
",Z3CF3,A0hkV4ziEMl9b3hM3GzNbg==
"7Y339
",21W41,d+tTMu3SnN3PclbFkSMqIA==
"6L07D
",MR86X,4BTiWf2iLJ3psacm00Bc7w==
"83J23
",RWVZN,VN2k7aeRXbn92x7VsKWv/g==
"S11VE
",6T41T,Aqd4wwHqzJKv7yg8PkX+UA==
"6NVC5
",7O19F,4LHYsNbFz6oyISRTdwPJcg==
"MJG3Q
",0Q451,0xCRna9s+bHJL7OkrMx60w==
"UZU59
",9HRXF,S99UnXxLSV6W2qO100yXEg==
"DY592
",N5047,HdiJrW2c9Y408dIQXZS+MA==
"3NX3X
",8203X,rWyxwCj9JuvkiVBrEcsnmA==
"28BLR
",30MT1,Esm6sB8bL1CiSXoyjyNPRw==
"S09UU
",GDE3O,i0Pg5skKOKcdz9bjHxHDEg==
"BA0L6
",N6XWC,LDsQ3nQe0DbG6V6z0H6s8Q==
"8GBGA
",QD581,JvrDeq31aad+n9uO/NmlAg==
"L00J8
",94A9W,ZbTo/vdKspD1BfQZbYl4lg==
"K9O36
",7J045,XJvC0BqEyk4ziSNRnCNpRg==
"ZRH34
",WIPL3,pOEhpnP0dIQgflkV3Eeoug==
"3H60H
",I7LA0,t4F+mcyFkVINCXoQA6DT8g==
"328SR
",7362N,enOJy+wwRSy3SpJUaFLPHA==
"J1255
",660AH,0kmB7XQxJPkbdr/UlDzWsQ==
"8VYK5
",SGS6N,NPG8/GR8+ikx9bHnjYAR0g==
"15JG2
",3R404,pzTJTW4EbEZn/qV3WMW29g==
"EF7CR
",C895S,+1YUGrXQw+o8hYNAuPXOSQ==
"74LYA
",311OA,lqH5Wqd1/ZorFBnqzB0LUQ==
"967XQ
",80DGQ,5azOIsTcHgE/pYCfZlkF/Q==
"VRG07
",86433,i1nIs5ki5urQQAKW+5cvbg==
"BC893
",6NIIB,ktE66UOwJc/sDsn+m+kh1Q==
"5YE87
",2LU09,SG60k8iGhooTcZCcLOv8kA==
"57SDD
",2CATV,sAXUh1OmmnBD7zD+P7+Bmg==
"W8X3T
",S8KPJ,0n2tRaUnWgyBZuuiRoukdA==
"309W6
",GLT1L,N8kInhab7hYgGjI3H2d39g==
"JZ603
",40MQ1,MJ/H07xTu2OsQuNZJgrHQA==
"I1TEE
",TYV0U,9rGxiWy5O2Pxfj7WyDMGiw==
"63EF0
",025JX,V4dFJkrH76AUBDqOwmsgwg==
"RVGD6
",IR09U,5CL4QBcYWLC+t4IATVfaHA==
"X9G06
",5RH31,bVq6u2Xp/yFLc+iRtK/m6A==
"12GFN
",I744H,m7MUziUscN065qAX3YGvOg==
"UR3MJ
",JBQ96,H73zraC1kR0Xxwxoc+yorA==
"V21UZ
",UO45G,r5eHcFaEBZpDofvLhVDivA==
"2889O
",TK1TX,g21qE2VLBUUDsw2CycEwQA==
"69AV0
",19VE5,hhJXFveVQFq+l/NigLa1sw==
"9Y57I
",P5FF7,8QTcePEsqmpj/6Ystch24A==
"2MM0J
",DU9WD,ZemXKKwnY93biCevS4Z/gw==
"65T22
",O78AV,QZCy6m8+d9Ceg+BIXzJ+ZQ==
"6C979
",JBQ96,6SX7SANOlhg4Seb7xw4avQ==
"IY5M6
",1DK11,xnkZAnOPDwXOrVAEv7X2Yw==
"X7Z44
",80K75,xzEGP9K/NvboWMAmLYn1hg==
"308T2
",GZIYR,rOpbFuCbdAUmzHJRAVGgdg==
"EH016
",9N68F,cSpSvF5/jcPLXeFX27CBUQ==
"39119
",1DK11,RYf5bpjVMcWciJ3+4TskiQ==
"BFPH0
",Y9P0W,OMTnk7L4Gf8Cm7Pp39gM6g==
"UU029
",KK254,e9LWSI2v+YjVVe/pI+MDfA==
"QZQ88
",4GY67,6D2xZ5BCEk48zRy7oHyG6Q==
"A93HY
",HZNS4,FQTvTD5z0zZQlJS9mO9cPg==
"6ND0Y
",0Z6O7,Ydu0K31wIZwmhHr3z/RRBg==
"L5K45
",LC4UQ,mP5MmFxVua1yLnsdK0ppUw==
"0D5SO
",PL7X1,u62HorVsV6Xq1ygZ0FOy2Q==
"1B9R5
",T8IXJ,b2BlRlZ+DfJJK+xAI1ApPg==
"5GW8Q
",7H48I,pQWD0njlRgrtXW1i01F5qA==
"B1B8B
",5IWJL,cSpSvF5/jcPLXeFX27CBUQ==
"8V277
",Y4V94,fPJrIE9VIJERwOiSERoBbw==
"220OK
",51544,IrnXlt/OmuxDzz0Igbvk+A==
"JQT53
",R5653,7jcW0+wIZfmnjUIhVzgUzQ==
"B6JQ8
",1R5UC,ytM630JeOQsfTiLKOhmJwA==
"48F47
",740D2,z08jTn0fvIimhQKR6MKFqg==
"3FXMQ
",A0926,kolteZJhR2PwgEH3dCsMeA==
"P65A3
",ZJX96,qPhZv0nwgXRS6XnFLcCQ2Q==
"589XK
",M7IBY,kuTS2j0VKLyfZmi7wm1jPg==
"IYCO5
",67U39,hUuFy/8nUvy4hga8p2+Dxg==
"U7596
",IGIOH,bZ11PbuWEoVIlSxWeYlRZA==
"A60Q0
",BE5AC,QzQ16OWDSJdl2e3ncV20Aw==
"IJZ0B
",SZ465,bkES2mjplAm9r8p6OTUXqA==
"C01UY
",2FBDI,Rvg+G8E52Z8bNM8YQhqwmw==
"G6FPQ
",IRT0R,Xl45qsLh0uFm4T0UxyzdmA==
"UGUTI
",8550I,cQTfztfrtILYFxLuS5sumg==
"QBAE0
",AJW42,1bsae2YCbr5lRT7eVCcRnA==
"P7PZ0
",148FT,lDAvlBTSrMCexe/tPdcgqA==
"78882
",21W41,x/dnjDY+FeLLGdUVUm8+FA==
"7601N
",8J9JJ,47Obq8dKx4fBkaJxAFVd7Q==
"7ZD2T
",148FT,4ASKkCspWHpr9JZe3Or3Yw==
"2D6BM
",L9U5F,Bvcnvv0EHmiaCMQWDtY0bQ==
"9RZDT
",6ETQP,ypUap/IMnRZnfopz3OoRyg==
"BWC54
",A159H,x5Rocs+dj50fAEIcvj+9HQ==
"2781L
",D134N,W8Pcc3EJ8khcjwUPY+pF4A==
"982W4
",TK1TX,U1+GAVXFhFaeQR2TxAQgOg==
"5AUYB
",TK1TX,y5xyFCa3Nt5f+iP8ejZ7JA==
"JC1S4
",5B2A1,KpndtMs8SgUCAlVnGckmHQ==
"P9R00
",7O19F,23vIC4rMi5TS00G7/z4B8g==
"JC6RS
",2RSJA,nqWWRSFV2K+x2zjfdvNB+A==
"F0V47
",IT2IX,RESSOiN1hTsdKLCWXpdckg==
"21558
",223J1,/vtF7+HgwHdb76BEgLfkHg==
"71233
",989YF,KMzkJgtJTXbG6X8lX5YNsA==
"06POO
",7LRMM,kQ04jkkjtg7OJt+ZrGfiEw==
"T4TPE
",I8G0K,eNEK3QuayWOURBLRsCwFbg==
"HKZ25
",2FBDI,xeQJLl4PEQhYzfGWVbZJCA==
"7B62C
",K594J,kWbYn9QYDEIQZwCyJrOkBw==
"35MDL
",25391,Trejyfz5X+7oJklm1cU41g==
"N8P1G
",54AOF,fM23/iS3u9/C1jkdlDX/6w==
"L224A
",9T5GG,BtSWMsncm8tirq75lhK6aw==
"28D44
",VC37H,1GB8qF/Yg3cKQLdIkwsMoQ==
"LY3BJ
",09Q4S,zvDImF8EizllOASQDpyH+Q==
"DGW4Z
",9GYQ9,3j3ztAJWQR0OZUOynMcDxA==
"C870B
",0YD9Q,AMc9+HdFTnDZwsT40IzkiQ==
"I7DN7
",55O6N,bIcmD9hw+jzai7IJswA2HA==
"EY81Z
",4OACK,X6PaJKGbUY/zQ69llOAgog==
"G169S
",YA992,R1asoP7uBRll7br8VkYMZA==
"62VO5
",UET32,pGw7VPLJhxzYHa96kySZwA==
"LB44G
",YA992,fDLa38w56RsVFiONN5Y/kg==
"GBCXS
",047LW,3Q1qFuAFAqyd7yijDw5ZJw==
"DEB6W
",28Z62,yC4+tS1EPenfcIDbY13q2w==
"6NP3L
",TFVJ8,ADirCvkgEnAN/YmZ+MUuZA==
"ABYXM
",GZIYR,1STC2xfTBPY5N3mKHQwnWA==
"A2QM0
",Q6ZIR,qwVqBOJWnzhN2VbAkpgdCg==
"E7P8X
",M73FA,y+cpzti/oovfMW8v4yjLew==
"9L2F8
",04KE2,MpWJw3/KubM37LpXsN1eaw==
"4X902
",UO45G,c9T5h1BZBMnsi7mv9D9gag==
"1W6GM
",CD0UM,GwXFPyrXBb2+oAgPQmxrXg==
"QFV08
",RV75S,fplFB2G4cZFSCA/fs32PvQ==
"Z8JV3
",4XG9A,cCNLPE6NlqOsQkmc9JPVjQ==
"QU75T
",3R7X9,EH7Rh/n8Ra3ScjtC62x35Q==
"7157R
",PKK7Y,Gt07e7ltZVGu2YrKrnnQNg==
"VN73G
",W03ZA,g2K16MM94CHk+RREheR0wQ==
"MB3X1
",814NL,yOLwMOVwxZS6cb+F0OVi+Q==
"S8289
",I7G78,eIs38sY99ejTWUqDsGRGYA==
"31JC2
",VB8E6,WumeHWv7DS+aDvFzZeSGFg==
"WT0J7
",1846T,TyIXXC8YyAqrIpEzMO54SQ==
"YJ469
",75REI,oqHCpMpYm0oYh8IWl4VqIQ==
"15MBI
",4XG9A,CRG6NEwexsp4rJkNc5YT3Q==
"Y76O7
",508G6,H7wizXvTJ5NFiiF2gDbCjg==
"Z7DK1
",WIPL3,euBciXnCFW8j/5+sOkD8+w==
"28A11
",580Q0,/egWjbW5vCVTppBOHEPzow==
"6599J
",HZNS4,Sza2UAcUZvOILk3ySUlObg==
"CDV42
",PKK7Y,x9XmWwpd0mzNcC81BXQAAQ==
"328HX
",Q941H,1kOwmq+6of12T1MG7flbzg==
"VX42T
",597W4,bjTh+G+nNTEyzKwzf0sztw==
"C93CO
",55O6N,AygWiKIiZD6PUtiQXE+shA==
"B8PO7
",68051,5MpfwxVJODgSDNKqv8MgVw==
"DDW1P
",OZ4N9,cxuT3jH39Ev9J4CpkBwDTQ==
"ITX63
",RICD2,TrSi4/tknwROuMy1JrRRBQ==
"I2O0X
",69Y73,bVq6u2Xp/yFLc+iRtK/m6A==
"16252
",5P89G,yVHaZhEzYzlb9RiBJFuz8A==
"M6R17
",739BS,PptQUxNOck9ifr01jH5wZQ==
"14067
",6ETQP,bnrr65ZwvigqYYVVkB/EAg==
"53Y36
",4C156,jFTFuFrvb/QqpgcqjtgOFw==
"D5712
",8YW08,GvaGI9cgpnlV20uyyShRSg==
"MU6DV
",08BO2,xv39HcY1K4pSrl/gtk1CYw==
"Z6672
",25BQG,jgaaKECWouEJ8+5eQAdrfQ==
"2KBF5
",14P9E,NyZ9srqReDIrQ0pIvfQ7MA==
"4VUJQ
",V6O2A,MzIYdeVcwmrwVMzAh/fiXw==
"5ZDF6
",ZR78U,3y9xGhQ10LIsy6q0CXa5qQ==
"ADP65
",025JX,nnNKQrjHR/+M6yGpGTubyg==
"4A85N
",YZ3QH,Hib8TZeTRBkU2Iaix91ldA==
"NW8F3
",MKW9G,5iWBiQVRBmYQ3vFqjREXZA==
"BJ4ZM
",133P5,WtXUF/EfUPEMh3VkBucVig==
"3X6N6
",195C7,9EEZkgVSIn67oAcoeX50EQ==
"2QDSU
",Y5364,T8nAf4HsZ9ePxrlIlzY/yA==
"237U3
",2D4C1,g1zWfzXBH1tu0IUEcSUT7A==
"4T347
",93G47,M6lmFDO/FUQxDXC9BC+2sQ==
"D33L4
",8CV0R,8k+yuPcohUHAFA/H/rp9uQ==
"737KK
",5ICBM,8Lmp95XYJmuyy+zX4f1vow==
"2X35G
",AD885,RHoVbQp/Z1nWkNaMhKblug==
"93YC7
",5PZBG,DhsDu7nONyjgtYn5OYq8xQ==
"44VZ4
",07BQJ,C4LQd7gwMBlRoY7HwRIuuQ==
"6277O
",59CH3,8e6DLwKrnOm5TEzabpPhhQ==
"0963I
",B0CHP,scvH642OEirHwt8OV46TLQ==
"Y54LM
",4AA5E,ktaVGtnbpHvh9TWecp/joQ==
"L48T1
",0Z6O7,U5nNfZ7fE4cq65IJdqy0DQ==
"044P9
",A0926,AzQHMAvyqXK69ysofwKs9g==
"ENG85
",P70E1,t3sVxb2y26QNxyI7QnYcEA==
"784HG
",29WN0,6Q63dbupmMnYJkXw0MHrRQ==
"BO8B8
",L7Z1D,PHzF9C0QgWmiJL9ot9vWmw==
"ANJCP
",L8WNX,1bsae2YCbr5lRT7eVCcRnA==
"97VG3
",L92P7,45GVWDzntrvfsu9PNBRFyA==
"5V7CK
",56T86,MLT+dYEDk3YOevmlPDlEfA==
"A578L
",1M082,mIGKf9eT/DEu/K1LLb8PSA==
"XY3A1
",WIPL3,qSFt24GPjr7g76QT6MvsYA==
"C4VAH
",2GU34,X9X2JNNYzxfJiAI5t7XOAg==
"LOB42
",2KX6E,hUuFy/8nUvy4hga8p2+Dxg==
"17537
",E5V30,2iJ7Z+w9NbA5n9oeSW9C+w==
"UP7RF
",8NXJ6,adE3v8U9jNrkvEx8lxf3Lg==
"A80VA
",927P6,tk2uUGeEu8qw2muzkWlQlA==
"8H5O2
",L8024,tFM+IUClRW7+dI4X4rxIyQ==
"8769Y
",86433,Juzt/4dbQC7NmaNgrJR/ew==
"9453L
",64T4Z,ypvi03MoS70seb8TrhnMjQ==
"MLQTB
",EQY89,Bvcnvv0EHmiaCMQWDtY0bQ==
"A1FC7
",DO7TH,ZxxhHrOhkUnaLCASXMFrhw==
"U84LZ
",AXXSQ,sGFjF+U4Nj7Zp6Y2f9Ch5A==
"1SF6D
",E985N,/tQO/R/oxJKnYLQZP1Ykuw==
"TGN54
",4OACK,9jEO6lIg8O4lS5fBRgDWAQ==
"77OC8
",GWNQN,bzWNm4nPQBYubhXzxwKQQg==
"0C96Z
",8FI46,dvaP+GSzhdyTvsNm7gs6XA==
"U58FX
",U56KW,i0Pg5skKOKcdz9bjHxHDEg==
"47I2Z
",6RBI1,Zl6SJwGw1P0kh/luj+L+TQ==
"Y5I3X
",25XFF,Wy2KBrcRmXsmOU+F4+cT9g==
"F164V
",J675B,zRB12Eil4BQr07XWZyYEHA==
"XBN9N
",9CZ0P,cvW7/ZrB3eRyjuVLH/pprw==
"BQ598
",PL7X1,RxGrwONnHFKtAJ3vOhywmw==
"RI9U4
",TV4EZ,IizRiZfaAngzB8q+3ilIgw==
"4A9D0
",8G0F4,Gi8CNnmsUmjIG2x5nBS8Hg==
"IK991
",2GU34,RN8DjVqlw6RTDcKVl4pjnA==
"943G1
",KZ5XT,jpffS2M8XOMZJkFsOIZB/A==
"Y9NWA
",31IA7,JKOkaM7GSc8kSxKF6vcjvw==
"50EW2
",Q7B33,PECijrJe/PUrpuq8qdPyHA==
"2HRAT
",9GGWU,4dm8LnwXiM1B9F0BC5eiKg==
"K973D
",ZA1H6,zyAvr31HTgSgYiOBIhW8gQ==
"B64HX
",AKN70,nzcos4tE5sUbYqeN3EhH+A==
"7W791
",W229T,wqvaQDxVAk0Sia7fB7Up+g==
"3573B
",CYSQS,i/KTBeGVP775Rf3ks1jWWQ==
"LZY66
",7S0W5,i0Pg5skKOKcdz9bjHxHDEg==
"PMU8W
",BBL0C,SUhFq5nmeAu4q5GzfIUjpQ==
"3YZ57
",1L1J1,frE9SmRu1J2UR9YNl1unew==
"E3Q62
",5Z8HY,iJF1DrSbvk2YQiX2PSzkrQ==
"KNE29
",ES46M,KONpMoAoP7qViVNl37/ulQ==
"H3Y4Y
",DALM5,DeQB+oGrnGLClg8jwPKR1g==
"T1OZ3
",4U05M,3uQQY2Fap8H2KxX3NckzLg==
"5Y620
",223J1,9m6ibTrj8FyeZuqaVJokTg==
"FG7ND
",NO6Z5,f09mmIox4KTCPsuK63Uvjw==
"1O3KI
",N63Y5,GAJADdtgGDDIpsCVOQ5E3Q==
"SC2S7
",442AE,fcnH7JvDDlYJCFMJi3oKdA==
"29938
",9GYQ9,4Pf+1eZ6Z9wAng9JH16a8Q==
"33I59
",BLJQ7,ezlsSJtr68Hg0rfeA0sNhA==
"YZ57P
",77SR9,4hvnMilzXeL3fefpbXR11g==
"LHJN0
",ES46M,Vw2W3j7LiQHQ+iL7h4pKHg==
"0YIAX
",FI457,D4JwClTuHpC7JnlhIJv0lg==
"0R7DQ
",YPNSM,E/sLraKhGL+8Y8qBEL0m7A==
"645WS
",PJ6CV,bm6fmBt/UYZaT6QM512ZbA==
"M6UU5
",6Z9C2,Vo4D9uXhXfZ/0dPSPAfXIQ==
"3KD82
",RICD2,HRmhYa4z14EICpkNBrhRWg==
"XTS2L
",8W796,MJ/H07xTu2OsQuNZJgrHQA==
"8AK1I
",305SO,FMLueHXzaKcdUV2fZ/2XYA==
"BJZ75
",19YH2,B58YcsceqaZk4gW3XCmsGA==
"4N55M
",IHWHR,rYqqJwPC+n1LT8Ukaonu2g==
"58882
",953T4,wLmOBgJ1PiGG1Tg4KxUdFw==
"310KC
",2P41F,X+xP4EG5bZtbMQbiCN/CsA==
"5K3J7
",6UF59,8OZbSdziD3lnbu9yESQcGg==
"2792H
",38MY7,2q2NniA5mX8v2bF9JQlkBw==
"L005V
",426C2,Hw9txEvT3RJXVc/Xlov4xQ==
"6313N
",221F2,Bvcnvv0EHmiaCMQWDtY0bQ==
"44Q2D
",Z81VM,PULZf/fGbjaREuK0z1Wkkg==
"S847N
",UTT2X,EUkrOuGAt836ZZGDpn4XgQ==
"LYF85
",P7ER7,E7PpB339kuYWWv1v8Zn5Xg==
"O44CK
",A23LG,1pPqdH7Ma2DXNintSiEG1A==
"U8255
",1030G,ZMBBfN73d2rUIh3y4fASig==
"91463
",927P6,pt34eaqnafBNylBv2eWVWg==
"X37P2
",65144,RV4SBbJWrRRAKsZ5OUcrIQ==
"3LZ82
",78659,15A+tFfzd3RYWXjkcFwPmg==
"7LRBY
",Q1265,G32q3DN7UgsDtxoGt9H56w==
"38435
",7Q40R,cSpSvF5/jcPLXeFX27CBUQ==
"NQTTF
",GRO43,9Q2rKWGGKfMPGBqzA8zkmQ==
"A0274
",Q6ZIR,erYCrKXacKPMzF5IC2mBZg==
"4N354
",OS0BF,OV2LUp2FqaU9jXE4SDJnDQ==
"89WFP
",14LCP,tTJB2gjUOmYjP90WfQVo9Q==
"25ZAX
",9S9S2,hqLy0eQgSZAbrv3SAkCbuA==
"0WPM5
",L7Z1D,+O7lycJlzHt+eFMiGWFhWQ==
"0UZVT
",ISOUM,e3+Rxp3AmlYcNd+8n8KTqA==
"JMOTU
",OYT16,zvXkS1dnJIMYSZrdG2MVQg==
"4JK3U
",M1VC3,b8lJyHCX0jsTyQx2dNW1QA==
"9640G
",BJ1ZC,YEKJIw3UprYR0w/43FlEqg==
"V57QJ
",E89PE,SVZiZusjfYEoLqkEcGW5Qw==
"LWA0G
",A4KZB,II2qXWXKpgxJ4YFVy+0mBg==
"OC17X
",T8A9I,8c2bdKYLJlaY2OcChFcnbw==
"75Z68
",AKN70,VGOyR9OV91a6HDoemxe69w==
"AEWPI
",2UOMG,bIBpoF23KRL39Necbx/T2w==
"0JPWU
",07CW1,ERDFw9k8TU98tBljeRlk2Q==
"H90ZK
",76S1C,4dr9LK6szgU0kseRdqbxcw==
"D1PT9
",05P5B,xPYiF2WLXBvX5x2PV9o7WQ==
"DS23L
",AU3H0,18O8UF/KZFtOm2lFrVKrHA==
"JQT9X
",8YNY7,MJ/H07xTu2OsQuNZJgrHQA==
"M5164
",30R42,pzTJTW4EbEZn/qV3WMW29g==
"I0442
",BC59M,1vrGCL+eEfUalOeUiWXgvA==
"40E7J
",P8676,+ZCsJPsiBKa/kyVjvUT/Hg==
"QS3CF
",IGIOH,ZY1/XJ+6SeHQXCv/4MzUSg==
"XZ2C5
",3XC6S,MJ/H07xTu2OsQuNZJgrHQA==
"A70R0
",Y5O09,1AksE7V1vSWVqPk9K5fduw==
"2WN10
",DALM5,gTkOp31QAaEn7yOebSvhAQ==
"7M3MH
",FYQ76,g11Dq630IP71vHpvJFY/GQ==
"8A8TQ
",4H5C0,qhfk8cnKKbNwk/ktUb5zHQ==
"U7391
",6JZ4X,UHB3UDMh4DkDBxGOVbC4fA==
"IXE68
",L9U5F,+6aa2nHOb1MPaRNPTRiBBw==
"5U763
",94A9W,im+xm5EjXVZxFhGdx1ZZSQ==
"VZS67
",4S0S1,ZrF6uz+8EXgfeNF6pYWBBw==
"M1QM4
",1M082,ITP0w55mmGPPcjUK32AAmg==
"2MFKR
",62T9B,ZKwwKUPFMWCvqOHzhZRD4w==
"L5S1N
",58J6C,UFvE0zMisDgmKWrRqgscTw==
"P7V8Q
",D8V0D,VtOXfLV13OGzhvauY9nFDA==
"BL6AB
",BKBIF,vay07OPVU2srucmjA6QelA==
"7ZB67
",4294I,eTHdLdvzZB8aZH2mA+0QKA==
"89NS6
",3880V,9nGWnvFCPpshzy8I8VvjNw==
"0I8M4
",HR234,AydI/vrx6io8MKdpYdvWBw==
"VW27D
",047LW,ZKe0SztOMfG4zSOVkLy88g==
"6U5L4
",Q7B33,+MtGtE80OL6ovW4QufoYPw==
"B11M2
",C7VT5,tO3WoFj/jjgt2Q0phn0rlQ==
"ZPZ58
",KK95R,vTIbP0/JLbaOcn9Z3bSlgg==
"178VJ
",N02WY,Sx3svv927ePdrHESxdBFrA==
"7VTM6
",5P89G,2pIlMaGL6+zCdFGmcKI3DQ==
"TYX3U
",IIHQ7,koqmJBkZG5iXeH7/eEmhEg==
"QCEV3
",1AG88,nT0S11lr/lU3CUa4lZyTIQ==
"9TWCW
",611Q6,wbOko9zHSeT1ixl0rDx5uw==
"GN58V
",85R74,4R45+1s4L4cjJ6FDOl/RhQ==
"LJ6M2
",2406N,kuTS2j0VKLyfZmi7wm1jPg==
"M3V34
",W3N6U,lSpH9/7qWZXKaLtixnUwZQ==
"C7YY2
",05OO4,lZXynYdxNkgtSdeQ4CiMWw==
"0OFP6
",1BR00,ba3pAzuWUAULOL9ompQ+qg==
"T090J
",BRM08,qt9m7PIrc9bmLfGUliZw3w==
"D11GS
",2MJ8P,oay9AEcdLwO4rRKlGIomAg==
"M4SD8
",DOZIT,4cYcqyxXpDfWIdtVPoYpTA==
"93B33
",7PF2F,KjCFUe31su5x9pmh3gFsUQ==
"S3028
",Y1878,MxwMasBdICWDaqJlaL6bnQ==
"1N2J4
",2KX6E,ktE66UOwJc/sDsn+m+kh1Q==
"AF482
",OS0BF,D/WFXsejsmDXym8Shx2hUw==
"HBC60
",58J6C,H2D5e5R1NVKMKhgjQmnBrA==
"S5V2U
",U2JSY,t98i7S3fb1MTgNe5iJ2gUw==
"31IQY
",W55N1,RIIlY1USXwfM09r4j5RFiQ==
"22SA4
",9AKC8,MFE+eJr+ocULUbMeW8FeGA==
"YV2A7
",2P41F,hw+czg5D3oBcVNA9SIeCqA==
"2IR84
",0Z6O7,uJkEKQfQBC0j0o6OXIfbSQ==
"DW2F1
",75REI,UGIJbMapEyJTGcR1vJ/U4Q==
"88U65
",GWZUQ,HaXTR3hP8aOT/xvE520dDg==
"EOFB5
",D14F6,CXD/6PG5NfLhJsbZi0kvkQ==
"Z2E08
",446BD,oi3GrePBjMjfPpQD2+W2qg==
"GE9GQ
",0FT43,wFdyFmBZsK48GERXDVjWSg==
"F6S75
",Y5364,M/71juT7FbY6RciSMiJrVg==
"2N4MH
",SGS6N,4t4E1qrrHOUmTwGHDr2FpA==
"M3APD
",51544,+JIJZIqJzjWtRElyqAE/gQ==
"6TX9A
",7QUO2,wQyFt1DSsPtyiUQRh0+miQ==
"4X4BI
",E01ZH,9pYU3PdW/zzR3ZCWN0i5Ug==
"6K705
",9JXDT,S2lGqWulmu0zB/Q7jiyiLA==
"75709
",9JXDT,2BrvJJGt8qvG0xq0yND8Zw==
"3KX2R
",W820D,G0JH++WS2ODlMbxL3vToLQ==
"W86S8
",OK8G6,wDL+wIttI79oyPYyk650tw==
"080XU
",5811Z,1iNSEsftfecc4wEkuyUfbg==
"6I5JB
",7Q2A2,SNNseHLBXregwWnmF+fY/w==
"68E6A
",DU9WD,tpSGpL6DLyhLGe0D3N6wxA==
"597H1
",F75G5,+EXpGAxrXJJhKL55ff7uZw==
"QE8NO
",BKFFR,HOlZ9ktGctoshlZA5aL3vg==
"H6V43
",HR234,G+jlXvzpPBj0nNrvmIZ2UA==
"B12I5
",1R5UC,onlXaiWQtVX4NJMBb9GjkA==
"2U7X2
",22O07,xhM5FWi3BOTrpbRvoKPHPg==
"N90HN
",188K0,SXUP//7EKVz5jWMrcGsjrQ==
"76CEQ
",5Z8HY,aUrrMdxyF1xj5b14/nNENg==
"4H797
",ORRY7,/8tbyCL+SVzCIjUvEKqt1Q==
"746YX
",V58XX,zOBAVPmhknRUfKFHWyFOWw==
"JL0AM
",XQ3L8,ppoAD+XTAKyiyp4nKq5x9Q==
"2P7H8
",VB6EF,RYUaRy3OTdzuv4LqKjoxDA==
"5NXGJ
",S1F80,yV5Rvokcjyafv1PvMjhWxg==
"R7W59
",XZH52,ik3MLKBvhbRTHM/1cwTjKA==
"2HOWG
",4JCI9,KGlkYkEEy5gGRRSumN2SYg==
"07T21
",LQ5L2,pVe2iKr58SkUTt+ltp6ejg==
"0AS7A
",0ZMW7,Yox/PELzm2ARBEwhI+/RnQ==
"5K0K0
",MR86X,LZUXLRcnEgFFkyXr3GvtBw==
"SQO5L
",4294I,7Weo+eIbGpsVfiXekam0Fw==
"SSM41
",6THR6,pq03RWaBIXE0u+Lxok7k9Q==
"Y4H6B
",E89PE,6fR/pahb9TBDCqFDA9DqkQ==
"B6C02
",08BO2,lDd1KKKm340qqlkqzIO2DA==
"XM6Y8
",19VE5,kzzgvE480Ecf8kxBNZ/ueQ==
"89Y8C
",21W41,hrzY7JWzbh/cPqxiMYyqAQ==
"3OWVV
",75REI,NKfj1UbO7sEnKd4winqYHg==
"5M884
",H3E77,hUuFy/8nUvy4hga8p2+Dxg==
"23241
",29WN0,zRB12Eil4BQr07XWZyYEHA==
"3V6E1
",02B8L,HYUJi2v74rMIBTeWjAN7rA==
"Y1NY3
",3AKZ8,oijyI8exGXWRzeOMU26Vig==
"B7185
",P48IU,wBbueDaE8+MvD+4g7GB3aA==
"F0R42
",4M40X,iDAmbaUqrflpcNDdCTToYQ==
"1ID4V
",12F04,PdyrW2fDKbf/MuOb793odw==
"B15Z0
",DU9WD,Ax9D5R2j9OE3u84bT/E90w==
"JSKQD
",1QYT5,G+Ql+WWrR7kyLXNkfydjkA==
"BDP3B
",6837R,LrIFs5Ku9jhbyRx3hF+y3Q==
"0585N
",T5E14,aCxH40RuRC0epahy1IOrnQ==
"90HXJ
",U3O56,tOQos8zR7guRqflEjwPAlQ==
"3QB23
",8F9OR,UklPjioIRk9WmyNofRc7+Q==
"PEMYK
",RJ591,7uzLuoNEM9y498MdsGhQSQ==
"Q3Q40
",LC4UQ,q+kjhlFtELfLkMEncylKUw==
"319V4
",MW8P5,/z3LqcGOsVyNxZhOcUtbPQ==
"AH78J
",50753,4MymnEW0+gKDMJzEtmwSbg==
"1X9A1
",8XJ4T,zKGN3z2vJjyzIPBV2BoMfQ==
"0MI90
",8N732,mb1ROg6d7ORCgD1TK4Hulg==
"9M4IB
",I7G78,45mWyXKh4jV/b9KLlt9sdg==
"RKEA3
",M7IBY,Lhpqv1qKDs+iVlTRZkgxnA==
"26A3L
",94A9W,ZXz8Lu1Kc9tMWffILCqtyQ==
"5K51H
",663L3,WazlUQYDH9Nla10dzAoTLw==
"4LR98
",PHJR9,xApbXnIWPfgWyykhiVNWeQ==
"73VSH
",GDE3O,v0htyEe8hsapNH+eCxHtDA==
"92XBU
",2W9QK,TR32WtZkYNa+EhRWJLvfnQ==
"5GHK5
",GZIYR,rT6ULZdYr42usU5Rh6YlEQ==
"9P6MZ
",90O92,G/2PFSvynF3CwxJsXdlTNQ==
"R91UN
",326XI,Y/FJVMUZ/gUQhExM+voUbg==
"8Z798
",X37WS,yD5e9qAaCBU0/uAYOoixxg==
"P4I2Y
",9AKC8,JX/kkfi8FiE2yq+96iM/xw==
"8M450
",Q38DB,GTxYD2T05kL3cv8y6bS/AA==
"43054
",UDLJ0,ZKe0SztOMfG4zSOVkLy88g==
"V2TK6
",N0957,zQ7oC+IEzmOGI/iTFhmmQQ==
"LN8A8
",SA656,h2FmxrN1zrUEzDyjCNbL+Q==
"94X05
",F4A5K,4viWI9CzviUe0VAH05+w+A==
"0YYOZ
",08BO2,MRn43Yp7tG1avwpRGqqkIw==
"2T6N7
",9C606,55eh/rXKv/ubx5kWrjl1Bg==
"949UB
",D07D3,ATxe/PjRFMr5hCUuZCyanA==
"ZJ957
",AKN70,i0Pg5skKOKcdz9bjHxHDEg==
"LIQY9
",IR09U,LGDUxBVTg+k1JLbBPUYMJA==
"3K33B
",I7U37,1vtxe3+11XYwOz+QKZXYfA==
"32J93
",75REI,i0Pg5skKOKcdz9bjHxHDEg==
"8Y13U
",4ITQ9,pzJUT1/g/CYzv3Dq/PaArw==
"NCYV1
",0GR5M,xeg4deDE5AT14Hce64fSNQ==
"Z6278
",7M5Q3,2/8LA1rOj1gXH+b/Vs8gtQ==
"F1826
",42H89,40cmCg+w71lqhaAs/tsReQ==
"ZF72M
",ZLX5E,TXmT/B3ZIKRf4TBLwkyJag==
"YTR0Y
",B4B8K,5zIp2m9PgFgiLmMCS3F2pg==
"2Q8B1
",033J3,y5xyFCa3Nt5f+iP8ejZ7JA==
"9HZMT
",UA09T,/s6or66aa8yawH29UMjKiw==
"83F39
",H445K,rH/R47m/qY0qeK06Gr9MUQ==
"6N5S3
",3DB89,rYRF4lsOSrJRgE89okpl3A==
"1JQMU
",AXI38,z/sbiwAmHjNlwMSmnmrw4A==
"X8552
",S9YE5,/Gmda3gp+RSEvqe8fm2qyw==
"U3949
",J07E9,VvWFLwm7oha+FXYOdjdo7g==
"B83CT
",Q1265,Iu6Wmpk9DXSKr4y1SlAc4Q==
"WPDZ0
",19VE5,fxaG7Z0eiqEBOXpPv6UikQ==
"N6PDV
",188K0,kuTS2j0VKLyfZmi7wm1jPg==
"8LTT7
",CPSOU,ESsn8Xkp42syWcbPSllfMw==
"5V5BT
",4WV91,dNfjFg0Z+M/s8V3eKcO2BQ==
"DGZ5H
",0Q451,pb456JSVcCQvHIDKwBcogw==
"5I607
",Y0VRZ,JdFEN5E97sRgikivRG1KFA==
"7KZ3G
",GRO43,BF0rp0sKDAjPqCQ3JF2y2Q==
"1YK60
",U56KW,Bvcnvv0EHmiaCMQWDtY0bQ==
"6M9G8
",4ITQ9,dJQQ40wzvLjy9zIY+TBFYg==
"T42GS
",14LCP,7SMHMINKKnik9avwshYVtw==
"EW1QP
",ORRY7,zSq3+I0dDdi1pRHSi22Oww==
"5QZ7B
",5AJD7,uZl95RLb+T3CbdkOwYjs4Q==
"3JY56
",TFVJ8,aOi5g9+fYyAPWwJyde6WEQ==
"9IKE2
",9QNL9,+Zpi4sAyHGN2u3CUNYKFKQ==
"GD2HQ
",ABWQT,wRxbL10lDAJCDYHf/xikcQ==
"K1636
",PN2Z5,OEdywj3xq/tBnBuun2Sg3g==
"2JK40
",1AG88,1l5bzFbAzsHpjgiGpdHvqQ==
"N4Q6G
",N63Y5,IrzBz2OOWZrF7PumqQhhJw==
"C2THZ
",IYTUV,DwATVcfR0KD/ZihusNoGGQ==
"793N6
",6JJQ8,NaE3P3bBmZ0E4ebalHsO1g==
"B657F
",E01ZH,IbJ/sFO3zdrevbVnbpoBHw==
"W5044
",6UUP5,OU08fIsrkPmZo+fcywI1pQ==
"04MSH
",6347U,NqCvGnccUBFchDljVDSmxg==
"YB8TB
",68X66,2zGJScKdVsGNDjdeuX8+bA==
"1G0B4
",LGHB5,gCfqcE4zWW0SQfdd+0B8mg==
"CZXIP
",133P5,Ob2GbSjtvUr+tpc8NpJItA==
"6CRI3
",1M082,1MYGrLAHGES2LOrI27izWg==
"8MP0C
",1EAJ9,/Z5Xbu2aM4YL6vunA/Gbmw==
"F1J58
",69Y73,aCxH40RuRC0epahy1IOrnQ==
"MZ3DD
",1DK11,FTLGkchWMIWcaQiucsx+oQ==
"SL763
",5PZBG,yC4+tS1EPenfcIDbY13q2w==
"UA52W
",V0EW0,XM2Iv/2gBxmpR5M5Lt/Xqw==
"41V67
",Y4V94,kxFgiH1zG4b0VGxnlZjybA==
"WEQ0H
",P5JYD,axNabtCDraasEv8Tvqqdug==
"2YXQP
",TK1TX,oNZnuABdsvi2Z1dhSUOYtA==
"5DL1G
",0ZMW7,eW61Zoe2yaVjLPjXwHS0kg==
"K22P2
",M5396,1bsae2YCbr5lRT7eVCcRnA==
"385ES
",5KUF6,EkImxNit3Rp+JZep0ycf9g==
"7AOEA
",71G4R,34PXtsDDE8Bl9GTlE2f42Q==
"W2DAZ
",749ME,HXvfe6rtrXLslbQc5R+FoA==
"V9UOM
",M9G3L,mammqvaWw44UJHaxmy4pUQ==
"MY2G3
",4FN8S,yZGkvWy2KJoxyGFcSfFHhw==
"6OBWH
",1YX9R,HF000GpqmHQmHIg6y1hjFg==
"792FD
",RFL73,0jJwczq/RylRzq67BGiHyQ==
"57BQB
",BKBIF,U+RWB/DPMvGHdd71e+FU5w==
"NIBRT
",N5047,r2zgHSMD2C50fp11W3ztGw==
"19W07
",D08BY,hy+8/6aDTdwlKBBwaA80rg==
"DE724
",7S0W5,BTUJ8nV9N4QBeARYWfzq9w==
"403E2
",25BQG,Y7zt1QpI6n3Rc8a/7yb0RQ==
"33490
",EE881,/8tbyCL+SVzCIjUvEKqt1Q==
"899R8
",NJ3R6,w6upEvuVlOJ7FpADVjMLfA==
"28U0E
",0399I,BkoU1gVfvAMoVGZ2R4fVXQ==
"8LK40
",1M082,ApXn9q792KmkjzQFr3IT8A==
"89MSO
",357RR,+p7+CYuwDSHcOZyr+NVKLg==
"9E213
",QG1KR,JcvvvPInZMWOuhyktX9iQg==
"P84E8
",5J3D4,xWWUs2Ya9ja2Wd8E/6xqMA==
"2C0NU
",5DT4I,B2mwK/kV+04hV8dfQeR3Fg==
"PCP2E
",4F778,zRB12Eil4BQr07XWZyYEHA==
"2H6S2
",5IBZ6,cSpSvF5/jcPLXeFX27CBUQ==
"8V8D7
",0395Q,pFrDcHDjRbAeWlqOJ/JZDw==
"A4QV9
",758QP,7mFHas7uRfS2Dc2ER+03gw==
"25F1X
",DCWKX,rvb+li7CzEqq+u3nvO2dHQ==
"GM1Z7
",X868E,jAc+0nuFm5xvo3RMCOzFfw==
"KXM10
",9ST98,5cVoWv77DcvCKYNtzZqUlg==
"KC5GA
",9AKC8,WAxZO8xBlMAJJ2v12LX1Bg==
"19WI9
",6347U,ZSD54MFTt8pI/kObbY9naQ==
"9DNSE
",F9L3N,zRB12Eil4BQr07XWZyYEHA==
"8ZDW4
",J675B,4CeWrQB1Gy5pWuwXvwA0WQ==
"F7N80
",180IP,yC4+tS1EPenfcIDbY13q2w==
"9C926
",WTL90,l5a5FvGHAmleb3+Gc/dQTg==
"BX9WZ
",65144,/jfaPlfNU5y3SuzwxL32ww==
"DGUL2
",QHNSO,gNi8nDZKW6035WrWNo3e4Q==
"G6CPK
",4FN6C,UlopE0g5gwnJNHzlTLMyUQ==
"64CV0
",58J6C,wHPOsM8kXJAaKQSSxFICQg==
"GS64V
",38QDZ,oYIyIHFyUXvqsno34aI8OQ==
"U9633
",5446C,fFAsQXbh400t21n+Q9Q2wQ==
"2TUD9
",80K75,lpgmwdkRTfRVdcb+ed2iKw==
"Q1CRW
",L5K8S,A0n2jjbqtqwpAD+reMubcQ==
"MW4UG
",9AKC8,ip2qlT7biYBiD3A5uoGekQ==
"K4FUU
",7362N,NPG8/GR8+ikx9bHnjYAR0g==
"WN42V
",7377C,rBA3t8GEzO0Eh0JfNaOU0w==
"YDJY9
",223J1,vPaaj6INPtqCSgjEVu2wMA==
"U7M96
",O85M8,R6hXynWCc1Klsc+20+/+MA==
"50RK5
",RX5QV,Mk/S1OHhYIaGiq2et4+YLA==
"5NJ8R
",Y5364,5MflTb7GGEELvsghTuZtHw==
"J26Z1
",F75G5,BbbW8oRSgHfxx6ml+VyzIw==
"R61OG
",ABWQT,brQX72j2/VPpFlryodrT0g==
"84Y2L
",72Q6E,QWApXMe7hNHitiCvGaiEQQ==
"7S3O5
",W8MIX,bJGNAlwNouLnTWCFaJ/7Kg==
"VA8D4
",MF0Z6,DQnd3VRGDsYPlE3F7unPdA==
"L1DMQ
",46HG3,4sX2pHpSQWsOC7K+jOuwpQ==
"R959D
",1MV6O,BNl6FqCD3twi5PsHEUPN9Q==
"4O287
",1573Z,y5xyFCa3Nt5f+iP8ejZ7JA==
"2RF3L
",59CH3,XWfy6Q5dMJTdd76ZcHxoCQ==
"74219
",0518T,mMgRsQ2rLHEr7IDClFhGUw==
"HDR3Z
",U56KW,+VuTdmhycmHsVrZinjANyQ==
"535T0
",A23LG,XvaMCVzsgWs9hr+lwx3n7w==
"L89Y1
",N348E,HyOKN35ks5QHzcmheenj5A==
"O1ZJ1
",4JCI9,c0mbwrfc9IydGj167UpcRQ==
"70247
",4CKRZ,zY8USt9CmzYMc6nppqVndA==
"GZ5WG
",YUQ5Z,eoZVqCKJ07qWY64mV2i5qw==
"871I0
",740D2,KngX/bz6ywdRX23cwH//5g==
"HU5LF
",6UUP5,+CLhQq1M5un3+9dGErJ4hw==
"425G5
",7Q2A2,gqTnRR9m/t4H17VstamKPg==
"44VU0
",4C156,5Hu3lopBoT0FBM8bfQf+YQ==
"5O172
",67U39,TH3MVRJ1RKSp/u6MjeuBBw==
"SFOEG
",D7278,pGw7VPLJhxzYHa96kySZwA==
"RPG04
",RICD2,jrVYWpMjT46rMZfgz30WQw==
"6S837
",VB6EF,+2acn6WzR7Cx5LV53QMpBA==
"C4HX9
",BRM08,H7IdMrN60ukPmLglwFJM6Q==
"TK9JA
",COSJ2,cSpSvF5/jcPLXeFX27CBUQ==
"SXRDS
",953T4,AhRuIwF2vwDZuaud2sfqnQ==
"9AFNW
",7KT6K,qwVqBOJWnzhN2VbAkpgdCg==
"4VZKZ
",DP17Z,Dr0VsrD+vcwEuoEEO4Cs5g==
"54PF1
",B4B8K,E2OTEk79F7mY591jKrGywg==
"Z91HH
",226OD,i0Pg5skKOKcdz9bjHxHDEg==
"162X3
",660AH,azX2DI/wzqbI2WiGM/7bDw==
"S4E5I
",0975C,xA2AUWIB5WZelT4vok2zOg==
"1HEL5
",05P5B,L25S7z1jQibwDX2e2+CB+g==
"7Y807
",UO45G,kY9XZAN1qYueu4zKqOLWUg==
"C28N0
",I7LA0,DxKPyml1QAe601LGKysDNA==
"32IUS
",6UUP5,zxTd5M4dOEjjijayw8rE+g==
"K309R
",IVZ01,Lad63N/wkyauWTW0o6evkQ==
"2INU4
",BLJQ7,NuNEThHcmnpyqF3visAiuA==
"EG561
",31260,jo+Tle3tfPGAf8+/HCqVmg==
"BDX4J
",0P390,Ya/4p2JNUpKQBHcZWpCXOA==
"L2CPV
",AD885,bxoY4oZ+310/48f76MHDJQ==
"8G7GU
",E89PE,nzcos4tE5sUbYqeN3EhH+A==
"J9DI3
",NKFB8,ktE66UOwJc/sDsn+m+kh1Q==
"J7466
",QHNSO,R/61sP7s9W4NErTPIJY50w==
"71793
",17TI3,Zno+5gZ19Q8TID0J1JV+kQ==
"MF2P0
",IRT0R,wdxFfoOnNw/HY7Q2GiXKUw==
"22054
",B8KBI,ImWgWrmq+4UpPQTTnUkGIQ==
"3NL64
",66BBC,bTESLWENme1EKwEH/aeCkg==
"W4YB9
",O7105,VY4vMUUVqtrw7ioKA5MwuA==
"K3NJJ
",EQY89,ZdolVdyhjt4j2jtfsn1j5w==
"9YO58
",0CMGA,G24h1+wZMdyZPHL8IyuaCA==
"0W662
",6YIGR,pzTJTW4EbEZn/qV3WMW29g==
"V732V
",7O19F,KuF7z5eB3XOQ4BWwPiolrw==
"1KJKQ
",L5K8S,MGtexVcmyE1wATEWtZ98oQ==
"855X2
",15B6B,OLj+dsyFketNbdYj/hxKRQ==
"8193R
",P3I14,TJO4ASi27eJM8KwpNBURWw==
"W0QP7
",NJ3R6,d+tZ3O7yQ6te4J+5Cly2Pw==
"HGEHF
",IYTUV,uQDXyHZuOMdlPOqy28MDVg==
"5828C
",LQ5L2,gUZu8R8i3xDPwIfOVfBr4A==
"UC970
",LC3PM,KWyi35AUvBHN2NzEKF0n1Q==
"M16NS
",94A9W,vhI5ogSlEuqYPb1Hr+/CAw==
"16971
",KP9EZ,sp+w3utwZzO0xAfw5au/QQ==
"Q0JNT
",047LW,rTNI3NGF7ykbktmxqOCaBQ==
"B04PI
",0T7XS,misJhjmFJE6IXgHUKjbmmA==
"E7520
",9JXDT,vB1nCF83nHE1RDyK9i9+fg==
"R48X5
",6THR6,tAmrda077OQATVnclc74bw==
"3M9UI
",3FO8E,jJ181JIikVscQ9mXS2xjeQ==
"JUGUA
",W5178,VFYaaSqBKnPVwd+FEFxkJg==
"60UBJ
",FYQ76,6vrRoUQI3Y0VWuXicuAFSw==
"K1UB7
",61215,bVq6u2Xp/yFLc+iRtK/m6A==
"14R3O
",78WZT,X/MlECGrzZg+DAADuCujYQ==
"Y0771
",BRM08,N9LqQbHi4OaDQQmUh2o8gA==
"P708W
",55238,3RciNdQT58H265G5VZAHIQ==
"9WUH9
",L39H4,mhEU1jqdYtDzn8pH/d5WKQ==
"7AZYM
",EN29C,rOYS10086Z83VUO6WkHfwA==
"GJUSR
",4FN6C,mZtubFtNOJMMMSgKqmQytw==
"5L988
",XZH52,pGw7VPLJhxzYHa96kySZwA==
"582XO
",4MY80,LmAboCbFznqEtDE4SLq/HA==
"0V670
",TV4EZ,qy5h/kPvKwHf78h4qmnbNQ==
"881R2
",3N9GP,hUuFy/8nUvy4hga8p2+Dxg==
"224W8
",Z3659,Mz51UsMNgEusXjkPJC/iRQ==
"2P23Z
",P48IU,4cVrAGCs6mFLM2I4Lr7Dlg==
"H5FY3
",8M5W9,8k+yuPcohUHAFA/H/rp9uQ==
"P1Z30
",6Z8MM,klOY2vbyMOpO8C8U+caJlA==
"KN8EO
",UVJQ8,/WiQ7/wBxx/lxg/jcHQxTQ==
"X4ML7
",P774F,Y9Q2b4kKdi2IF4WFVLwBKw==
"MVP1B
",LDL5K,NAw2GSBPWf+Co7lI1N/h+Q==
"YJ74V
",7856V,EFAr+FiDsB9xwVQAZv5wWw==
"O8B16
",XET0M,TUA714RKC/qk1SNm6NFPjg==
"0MUNZ
",WL716,IRnM4/RAPE6w62ouTVRjsA==
"424M3
",X868E,f0AYetW0fMt6ZWZYFM6IkA==
"N8731
",LC4UQ,HotEmWyjJri4RmFe41JK5w==
"75K4O
",5899T,ktE66UOwJc/sDsn+m+kh1Q==
"L05HS
",R5653,Aq/TQRd61KII18J+Hb8PsA==
"M6711
",4D5K5,XDgeCZmyv1PwyneJKL5czA==
"IN0G6
",446BD,hgPIA0x9jI7gbSbc/v0iUQ==
"T685L
",15HAF,QR7kXzWSJ5cxzyheLIFgWg==
"L37G7
",4XG9A,ktE66UOwJc/sDsn+m+kh1Q==
"3KNL4
",4F95G,5HFEE23vzWTPTPPPCBjU+w==
"8B52T
",SXF2A,VXq73l+uy5I6uq4ogjubuA==
"2801X
",BLJQ7,1bsae2YCbr5lRT7eVCcRnA==
"YQN5L
",0FT43,HgzN4qHQ7BOMzNtLqLv8Fw==
"1XP15
",8QK5I,ktE66UOwJc/sDsn+m+kh1Q==
"Y335P
",6837R,8cOfTYyeMorcq2cfno7B9Q==
"48X79
",2FBDI,K+EvIjNGj/emTFxhHwpHIg==
"KC5GX
",DO7TH,xjGqHAd4C3NS45ClqJO/Qg==
"SH076
",03G50,2kaFoCzXIuTNoIun4SD5Ww==
"RM7U1
",H445K,i0Pg5skKOKcdz9bjHxHDEg==
"JW6JS
",VX7AJ,JuGVs1pEE9cPmwWw3mFXlg==
"D6L1Z
",4XG9A,h9uuiC/yReIo0043kvFE6g==
"036RB
",799BA,0a0jDLJ0IYoRJavgDdxU3w==
"DYD7L
",9CZ0P,6Hibt7yBAvIUoSfzWjhA3Q==
"NS5KF
",M1VC3,6aiTiovF0L9HLWW8/Aehkw==
"75A7T
",305SO,mktsR46L3rsgaBulchLmIw==
"U9SLP
",L0BW0,tFM+IUClRW7+dI4X4rxIyQ==
"IM62E
",658WC,Jx5H+CbSBAIU7rUGAVr04g==
"28466
",WF33S,Z/nzhanQ65SJstlrsR1zTQ==
"MOETN
",30B03,1bsae2YCbr5lRT7eVCcRnA==
"K7027
",0FT43,GILEoNoPLrI9PzdWkk0NDw==
"74I8W
",0N50K,FXxROe6ovVJspfBwt/pmnw==
"ZZ9H1
",2284M,pGw7VPLJhxzYHa96kySZwA==
"Q5OLM
",P8676,Kfynkf0TiKfvJk0XCG4/qg==
"QVUK6
",EM8C2,Q90GMRmzYkRt1X2Bhro3zw==
"GDU0Z
",03846,9p3hk6/COOCWPuSJstSnAA==
"A4OF6
",W03ZA,Z8wVlJxLHiUdSF2LnSDaPA==
"NQFJ7
",0395Q,oNwAESQ11DrXrmUUZ0MxAg==
"A4I6S
",7X067,qwVJhOfdTCgaM8Bl8Mxt6Q==
"34WM1
",BKBIF,ASXtksXExqevm2sPDPk09Q==
"26833
",033J3,b5Pwxe3xHxx8FmFa/fku9w==
"UVIES
",IHWHR,ZKe0SztOMfG4zSOVkLy88g==
"5P3IO
",31IA7,wPGaprSh9rJ75U/YQqO3Sw==
"5EVE8
",833O6,zPpnErAPJ+GwIDrVnxA2jw==
"01164
",5Z8HY,sH8ys4lcpu8L7jxYKsW0Tg==
"IN919
",46570,OpMYL9mmqjMo2qC+5nc1aQ==
"4U0X2
",ES46M,r+X8WpooGAo0uQ6wzsBHYQ==
"BY396
",4F778,c0FSre4IDrl/6NgRYwfZNA==
"T3F65
",F9L3N,zivt/R3phZls45LF/zEbbQ==
"D9C83
",1846T,+iedRE03ReE7Vx7uh3z39A==
"YJSLW
",C14UE,YcmccwSgn0cB2NSWAHsGVA==
"CGFQ9
",QEB30,wDFzZ8eAA25Cmy256orQpA==
"IQ20K
",65144,SXfbItkk5baHn16dH9TrsA==
"K2NK6
",DOZIT,B7/AaSUPAVCw+m3OAw2l3g==
"52F2W
",25BQG,DhsDu7nONyjgtYn5OYq8xQ==
"468OP
",OKP86,HPV0aoL/0C75PIPFlSxx8A==
"RC2L3
",5W741,YM0cHCn1JktMZyeqiafkNA==
"86DGF
",BE5AC,8h+PV75Zvvz7zcRqn+VhyQ==
"J6D9Q
",51Z4M,pm7jz9tBLHwfUwabUbZSCQ==
"B58GP
",E0DC0,Ujyw96OEUhsdNJDXzXEOYA==
"K5TDA
",5GNZ2,kocn9hy8L3UHeFg0xeEdSA==
"5WW7T
",2YE5S,q3V6Os3Nub2up6008RiLrA==
"99CKY
",LLA0X,W1V/q+oomSD2McrJDMF7IA==
"5UOLR
",RR6K5,3d0m2qzpkoGzzhTZxumaIg==
"L0K39
",N0957,wvDpCg5zRgmCTxTKw4hZGw==
"3VJI7
",1F9IE,JSEo+9PLxQcGGqBwar0cSA==
"Z69DE
",39KLW,8M1GgBil2XO224mEuHE5fw==
"I2X91
",7LRMM,3nGx5me2FT8sVtDl6ILAUQ==
"0505T
",W229T,GLSEIzVSAA2DRdPQp/J2uQ==
"HG231
",CPSOU,mtHlnKlU12YI1AQg+vCqZw==
"A2L6R
",YNL4C,7SMNut0sZbE+GHBrXPIU+g==
"1IT9R
",2N8BV,VwNQoz/aRisWdH9VjaLVpw==
"29D4U
",V9583,q40ab+d3OTkjGw1hv0z/Tw==
"H8ZSM
",E3B4E,K9bf5E7x6plTSqZy2z6PlA==
"QT8GC
",59CH3,hs4Vp/OfwUMjt2yblcZhZQ==
"G01IH
",A4KZB,b2S8dLQxJMN+H0DiFh0feQ==
"EMYI5
",W2JSO,9iIuShPwIEa6ozU9544q1g==
"5P4Z9
",1ISYV,NABFpN4esCIyc774LyjpHA==
"RXL8B
",D07D3,XiXNjACFJ+iAgS5WG1dQgQ==
"R36X6
",1BR00,akUr4dWeT2aOq+yQrDBFGQ==
"0FP2J
",9HG63,KtGW1nnc42+SSogYAcLUlA==
"GY0XI
",GM39E,WwELoDdyEtNjaKrYWdScHg==
"4703B
",Q96ZG,BoSTHDqgH8XEmK7Tt0npWA==
"5B645
",B0CHP,KYKtXMTB4VH6sK3g3UZD+w==
"G8004
",1EG64,cy7cpChoVUAIwykm63TDhw==
"TFF86
",COF9R,q3MDhW1g7r2hgGICShkqRw==
"5F3A6
",2284M,m9+7L8I0mX7HxV9/tSkwGg==
"LO080
",NS704,D/4IgXmAz+pbgziG3ZFmpg==
"EOKK7
",GVX4W,xxsi/3tbRma/doWLllpY8w==
"60146
",LORI4,1bsae2YCbr5lRT7eVCcRnA==
"9XIH6
",38964,C0JWgfsHljErQeuCCZzrIQ==
"BRT06
",5P89G,tnlwTEZxo0BMh744SxUytg==
"K3M0H
",I7G78,fsoTWdZQDv+2kd5FdQrovw==
"3TUZN
",P891J,nkC8XxXkdL1bKHzUJmfx7A==
"K58AR
",Y4Q5X,ekWpUe3LauQ2aMmA2s69Vw==
"2SX6B
",5DT4I,rpzKKAYtju6GYoibP8XsIA==
"IP0K6
",7J045,MC3FInH0BW4YSFjHE6G+HQ==
"HA2HU
",0A0JS,1O23cJK0W6aDx5Kr48S2Xw==
"I25D4
",E4ECP,cSpSvF5/jcPLXeFX27CBUQ==
"OXUM7
",1030G,XH7e8+QAvCvaqRorkaHb1A==
"C4CPQ
",N02WY,sA1MxWIzEMKvHpVxNTNBFQ==
"S3A70
",D08BY,jgaaKECWouEJ8+5eQAdrfQ==
"QSB1E
",AWC8V,wXH2RH/64gUOcdJYND04cw==
"RAWI1
",H7F5W,n7Fpo+oNwswqWF12Oegisw==
"52D01
",JBQ96,Kf/EumclwxGvHGc+VGOA8w==
"7CAEO
",37XT0,ZKe0SztOMfG4zSOVkLy88g==
"EA0KL
",V6O2A,jJELh5Lna38FbaK7PdX6qA==
"V17H0
",07BQJ,jnGGZo4WkxcOGyAJUuw4YA==
"0FV14
",93N2R,Vwf1dgfP9xaXSjHAhuwXpg==
"LS6U2
",25XFF,TR1EObijoCaU15V9mcHpvw==
"0404Q
",5Z8HY,Ow1EDW5XKd1NBamNvqpX9A==
"SY339
",DP17Z,L8q2GgE4VzHYHCqdkbjGUg==
"N4KQ8
",O85M8,5KvUWGgDdrpSVfp3ulay0w==
"LODGR
",JDX7M,kret8Jil6GPisaLd4HoW1A==
"5MI87
",45AY5,OdzdvjAQLK4CQQYyC4ilrQ==
"510I6
",IIHQ7,hs4Vp/OfwUMjt2yblcZhZQ==
"742CB
",K594J,MqB/+nzlPxYfgsTy1bIVew==
"SV085
",50753,vamgD81fz0cvbw58TMmqGQ==
"38JJV
",ZSZV7,NPG8/GR8+ikx9bHnjYAR0g==
"37O25
",7AH5U,7SqrvPlVdkawLSU3ktzwvw==
"23EZK
",GYV84,LdE76Z+AjxD8of4/BcFhJQ==
"3JM09
",O78AV,byxD8k8QfiNDCTAk1rrJLw==
"ZNGN5
",188K0,O0s7F4/OUSD6xuru5qkZHA==
"J6ZE1
",357RR,CmzncFaHQByFk27xp2H4NQ==
"4DK68
",LB354,gY4m6FAh5V3has8sngQR2A==
"JL5S4
",SXZY6,P9dRbT+mNcM0OLFNBvx/dA==
"VV60O
",P5JYD,5irJJ9QZEIgEryIasebMEA==
"W4XT0
",7RT06,nzcos4tE5sUbYqeN3EhH+A==
"LT40F
",083H0,lQleu57LK5bsPzHUT5qFfA==
"80H87
",K4XFT,v2PNih8xUVY2BNeA3YfHyA==
"60Q7R
",L8WNX,/lVLYzAXvyK4lykRzJqKDg==
"MK6H4
",GL41V,Z7tiaja+rdwwj0cnT2CwBQ==
"K1B1P
",E9532,fbloYaSQnbZd1Ca+3cvqTA==
"62WGI
",1YX9R,FUwSTdC2+F/SA//exoLQqQ==
"8L21E
",9GGWU,e/PqKjCFGb08wUv6FsvyaA==
"2WQCL
",L9U5F,JiuKuZ2TXuZdY8OnssTWkg==
"390MN
",508G6,55ssBC3N+RXfdI/oA2A3WA==
"4CPSB
",GM39E,JYaIqJ3lNGaV0RulAOBdSw==
"0DA0T
",YPNSM,EX8rM5m/ddaQULot7nvTbg==
"IYR24
",Y5364,pGw7VPLJhxzYHa96kySZwA==
"D7SK4
",9HQ39,1Vlp5wSUu3iSX5lF6NvurQ==
"39H75
",2MR5H,TZZhmSiyIPcVAbCrLX0cQQ==
"2GR69
",0A0JS,Yrx+/Tl95C4CcY9ntuweMA==
"4H96M
",XSJX7,IkfGhfeYBjWfkzZbkKXRpA==
"53MCM
",5RDLW,kqcOcRaWRFiIU5cz519STQ==
"1JTN3
",LORI4,tZBxC7z9MAK6ZzHGaQJfAg==
"T0432
",9T5GG,qNHJcIvqYYrDXQwbWW51VA==
"ECX78
",NKFB8,yDYWhJEfprXFLyGo2i1T7w==
"H4854
",N0957,FUwSTdC2+F/SA//exoLQqQ==
"6YRX5
",PL7X1,bv6qWU64fn4MiCXKVRw27Q==
"901FV
",UA2H6,7Qhme/NHJShNk4Yp4R8YtA==
"02IFO
",VV9T2,1j+iDt/7Wy9e8SASTM/GSQ==
"B8507
",76S1C,LhoLd7euR7TnZZIp86s0uw==
"JWGFX
",7RT06,2AqDA9G4ee8Jw85n8zkj0w==
"7UF84
",8J9JJ,FWpWWHmg7bEY41F00CVphA==
"8OSK8
",D14F6,5x0TovkxWXdvBW/7E5N6FQ==
"WHRRC
",814NL,PA0IeAxGB7U+c8ssZV6HHA==
"HEKJ8
",ZV16A,kM9rsaa3cTXAq3Vbl4zhrA==
"3RG93
",32DMC,M8kJwiR2i5gizv7LXsY39Q==
"76NBB
",IT2IX,bL9KpPG7Mvb2vvOdjJyUNg==
"F49UK
",99VCX,e3Do1axySO5UpBG4CTLNUA==
"H86G6
",P3I14,bQH0gmyZJ63bUy4zi7lUsw==
"KA1HU
",619F1,beYRDV47JnjznLAJTP3F5w==
"TQ1IZ
",2QKIO,gaISquR3QFHwoNTVFaB48g==
"170NN
",TK1TX,Tl835Cht1Eda9Qw8ugrRvw==
"0RETU
",Z3659,tVd3A1PCVje3kpuv9asrbQ==
"83TR5
",5PZBG,dh8Q0Kv/XP6jFx5tUDlPew==
"7UC86
",U7A39,d5xepdrsnVVuw7fnefmTiQ==
"7JP28
",VV9T2,SPrj9zqh5qrMSBFlPq1qlw==
"56433
",PL7X1,BT9L+EERrzc/7+arEW/Z/w==
"ZG2BP
",NKFB8,9yh1pwfkaJignQ89NC/4Ew==
"28S7M
",LSQTK,coOr+AUZkLvbPw6rpGJR7A==
"7DLWA
",38QDZ,TcJi8SNGQt9fwCWmUH9Vyg==
"S38J6
",N348E,tAd24W4nXeT1rZUN7DAENg==
"71QV1
",SXZY6,qyIt2a1LzaPCrP34CQ7swA==
"R36WZ
",A9J4F,R8Q/7/hOE7/4+uDH3PnHgA==
"6C2UW
",SWWC8,QCWfLTsk8/+MUi34LDQWhA==
"TD96Q
",5Z8HY,1a+5aeYae3l8CyFNvccTwg==
"ZF69H
",074V7,iZlm2ke4z5iwr0Q9fedUjw==
"43B08
",6WWSL,Sj16YnzmV5iB01i7fmyjBA==
"1744F
",I7U37,vkpQNJHtmk1nDg8uA3coxA==
"6ULFW
",PP7EE,JL+iBgoDM4KEb3Vt5G8v7w==
"7671M
",469P0,z4ckKwhZFMMOd/+sQot1DA==
"72INS
",MJVRP,g4jon2QO9pivgT+UgBhCfg==
"336A6
",31F8E,zRB12Eil4BQr07XWZyYEHA==
"D7J3C
",1YX9R,QdDVY7GtKT5AtcRj5cRToQ==
"65JRP
",78659,bsam+S5XdxlX/jbLkYlIww==
"V754E
",V9583,yS4dSoP6HuZ8dfaPxcxRrQ==
"NI23Y
",I589C,QDyK4z6lSbtrplfGxC2oTA==
"TWOT9
",N348E,mazjY7MKyDpNIMikMW+GUA==
"2OA39
",2F4ZZ,GWNbKXoH5CS+0phF173YEQ==
"B028U
",242UT,lkcwhpVKbBnnJcvM7RXtDw==
"J1AAR
",3X4U0,x9SarJOietdBnXNITddcnA==
"ZQ422
",991TB,CeiCBeKS6XWweLTlgKAgcw==
"T2V59
",3F062,to6Je0Jbfheh3hb9CwFFZw==
"A0ITO
",JBQ96,5BD+hkKPnIZGzaShmU+ReA==
"I64M1
",1696Y,tsawPya7SMYqiiv/ZEcFag==
"68285
",1030G,Q/YF+ALo8MKle+oAx1rO3Q==
"DG3B7
",3K3GY,1ROpXY3Fl8IJFPcms7w5nA==
"5VZW8
",8586P,rWyxwCj9JuvkiVBrEcsnmA==
"99HAM
",2MLHE,Ab2UjPH0pMwD2V9m8r4XXg==
"38HYH
",1846T,CadNOopO0GpMRl5qNpJ/aQ==
"7M9GK
",4FN8S,+2B44qJALbI+7JcaKqcj4Q==
"49LZO
",YQV3Z,ve8GiQPGC8N9Knwt2xK67g==
"ZP068
",HR234,1g3QMaRbicux7kObEUMXSg==
"HS5X2
",0VA7S,F478lCUPPua19CxDDqOB+A==
"JH741
",82F0R,GgRG6GSJ5/DgIgbha+36yA==
"34500
",V7767,Z9Dg4EXOgzlzw9ysTThWjw==
"V12M0
",326XI,Wi4//9XScdIDxkE11TpEXg==
"9H22J
",C3992,jCCjl3pzYhWukf6htyaS/g==
"GV46F
",17TI3,IhnaOyfk0A12RqFt5W+blQ==
"G42IV
",51Z4M,BP8XDvFi8IKwS27lqNHWwQ==
"VNH41
",J6M2F,5yliXREloy1Q7y0eponDLw==
"6501S
",0V236,ROpiP5Io/gzfaI1v0AFQ9A==
"IB0G5
",31IA7,rJPKr+/7LVuBU3bjWzGIeg==
"YA8F0
",672U1,n2ptJcaMp9XTvjmyjAQ6uw==
"71JV3
",W957A,vYjHFXExgm//gFQElWd4hA==
"0SAFX
",FYQ76,sFAQxOKsVE8M+oh6Tn/WQw==
"DC552
",Z3659,ttR0aICVyF9tNvQbSEmDHw==
"JVMO1
",BLJQ7,l7NVWwI5PQzfmoPPNeQdhg==
"9IU52
",F025J,DZQotJiwBWCDFuNFRJOPeA==
"4N163
",Q53G7,p6KUjcK+9bEfUmRcBhKGzg==
"IVM8A
",FXCK6,lKuOWWStFoOpRu/iaazVng==
"Q8GLZ
",VR891,QlgU1xvkHaa0OAFZuent3Q==
"SUCHJ
",J675B,hzEu9wMIkPHCHnU77mEgaA==
"5DA7W
",IVZ01,7Aa2n7+8hpnB2Qp7mz5PDw==
"BX0NA
",QD581,sXJfzAjwZkLu0UGm+VBIIQ==
"36U0P
",SXF2A,7MdKxGkirt842jJ527jIKg==
