0021R,Linder,Harrison,Pearly1975,Braden@example.com
014U5,Bratton,Kristle,Carson2005,BruceTurner@example.com
01UD0,Hines,Tod,Larue2007,cqtdswji.buwgas@example.com
025JX,Nealy,Dwight,Jenni318,Laurence.Rauch9@nowhere.com
02B8L,Redd,Alaina,Amado1978,ReaRoney@example.com
02PHG,Moya,Marlin,Deshawn29,Adam_Dean894@example.com
033J3,Leggett,Ahmed,Smalley5,DenisseFlowers@nowhere.com
03846,Holmes,Sammy,Goodman781,Burger@example.com
0395Q,Alcorn,Cesar,Green1950,Cromwell@example.com
0399I,Leal,Kourtney,Borges914,JohnThigpen@example.com
03G50,Gaither,Delsie,Pratt82,Wylie855@example.com
047LW,Myles,Georgiana,Tran1951,Tonita.Crooks2@example.com
04KE2,Vogt,Magan,Boren48,Bayne@example.com
0518T,Richie,,Agnus779,ljut6137@example.com
05OO4,Alexander,Albert,Cardwell1953,Ali617@nowhere.com
05P5B,Velasquez,Cherie,June1959,LesleyClifton467@nowhere.com
05RE6,Shipman,Adele,Ouida23,bggb9157@example.com
06Q6N,Ridgeway,Micah,Jake2023,BunnyWynne@nowhere.com
074V7,Reyes,,Lashon2003,Bolen671@nowhere.com
07BQJ,Furr,Lazaro,Margarete98,RubinGass58@example.com
07CW1,Rickard,Maryetta,Jude4,Abraham@nowhere.com
07H36,Ripley,Tyrone,Abreu347,ckyypth9595@nowhere.com
07J12,Burns,Adalberto,Clements721,AlonzoMurray@nowhere.com
083H0,Linton,Ronald,Hiram1994,LloydWillis79@example.com
08BO2,Hoy,Emil,Stewart9,Hyde752@example.com
08W95,Nagy,,Saucedo1992,kbyfb7941@example.com
0975C,Albrecht,Albert,Peter714,Ashford@example.com
09Q4S,Gant,Sage,Brock6,Slack67@example.com
0A0JS,Hildebrand,Terrell,Carolann2018,Gooden@example.com
0A5G7,Sharpe,Alethia,Charleen292,Partridge51@example.com
0CMGA,Reinhart,Nyla,Clay617,Reis@example.com
0F0H7,Houser,Francis,Langston76,Churchill@nowhere.com
0FT43,Nielsen,Reid,Donnette2011,Mabel_P.Cain@nowhere.com
0GR5M,Foy,,Maness238,DemarcusY.Rizzo@example.com
0GX76,Dempsey,Allene,Boggs2021,Burdette7@nowhere.com
0IGN4,Briscoe,Frederic,Loida382,facqfiay_cskct@example.com
0IY36,Bunting,Chery,Abel1990,KarolineLuce2@example.com
0LNE5,Gallagher,Bettina,Bauer8,Curtis_Castillo@example.com
0LR92,Cyr,Otis,Kristian2021,ChasityZLang276@example.com
0N50K,Lima,Elroy,Berenice4,Barger@example.com
0N61N,Hook,,Juanita465,Burris22@example.com
0O707,Villegas,Orville,Amador1950,CassySchroeder7@example.com
0P390,Gamboa,Drew,Kaila2003,LenoraRicks@example.com
0Q451,Hogg,Aundrea,Teofila399,xxkl15@nowhere.com
0R026,Damico,Cary,Small4,Thiel@example.com
0T7XS,Daugherty,Winfred,Duke12,Mayberry@example.com
0V236,Currier,Nakesha,Lemay2001,Hennessey@nowhere.com
0VA7S,Culbertson,Garland,Elliot1980,Bassett4@example.com
0W17C,Lipscomb,Sharika,Grimm2026,AudrieHummel97@example.com
0YD9Q,Burke,Bret,Valentine2029,Renner@example.com
0Z6O7,Libby,,Clotilde5,Sherwood_Geer@example.com
0ZMW7,Briseno,Afton,Mckay538,Ness269@nowhere.com
1030G,Bronson,Leda,Hipolito796,Ada.Giordano@nowhere.com
109T1,Reese,Adah,Southern9,Mullin@nowhere.com
11OMM,Underhill,Thomasina,Addie685,AdanHaney21@example.com
11SJ5,Hodge,Dexter,Abraham1970,IndiraFlanders427@example.com
12F04,Shifflett,Vennie,Latoya1976,GlennChang33@example.com
12H6V,Delossantos,,Janet2012,Basham2@example.com
133P5,Anderson,Gino,Modesto2018,MilanWalsh@example.com
1353X,Newman,Keith,Tama2028,AdrianFerraro3@nowhere.com
13ZF3,Raney,Bronwyn,Domingo666,Collin.Duval@example.com
148FT,Lindberg,Jeanette,Akiko2018,jarkzld014@nowhere.com
14LCP,Angulo,,Angelyn1966,DiedreAlaniz571@example.com
14P9E,Lightfoot,Brenton,Aleta2028,CharlesGerald@example.com
1515Q,Linkous,Curt,Rory822,AliseCompton@example.com
1573Z,Burney,Luke,Verdin2017,qlaeafpr_cwng@example.com
15B6B,Britton,Rico,Battle992,Alonso_P.Ponce431@example.com
15HAF,Leon,Tobi,Idell1974,Barth@example.com
1696Y,Rigsby,,Ezra2028,Abram_XLogan27@example.com
17TI3,Howell,Kimber,Abraham33,McfallT126@example.com
180IP,Hopkins,Dick,Huddleston2002,VinceAbel@nowhere.com
1846T,Walker,Herbert,Abbott958,Abreu@nowhere.com
18576,Cruse,Adan,Lynnette1989,Albers@example.com
188K0,Neely,Colette,Celina463,mwyak18@example.com
195C7,Franklin,Elsie,Chance756,AlexD.Buckner44@example.com
19D64,Nesbitt,Nakita,Petty352,Olin_Abraham@nowhere.com
19V3Z,Delong,Arron,Leona2027,BennyUHummel@example.com
19VE5,Ulrich,Raul,Adolph39,Ontiveros@example.com
19YH2,Culpepper,Cristal,Spradlin6,Watt2@example.com
1AG88,Frias,,Walston873,Donald_Banuelos7@nowhere.com
1BR00,Sherrill,Andrew,Zachariah196,AlisaWofford3@nowhere.com
1C729,Ashworth,,Goldie16,Blossom_Obrien@example.com
1D83B,Buck,Faith,Marry1963,Hart1@nowhere.com
1DK11,Murry,Tina,Pence2025,Major_Judd3@example.com
1DSRZ,Frasier,,Desire1976,Arturo.Boykin146@nowhere.com
1EAJ9,Frick,Edward,Coles1979,Jacqueline.Abel@example.com
1EG64,Lewis,Alan,Abraham822,Mccoy@nowhere.com
1F9IE,Villarreal,,Bowie6,Waite@example.com
1II08,Brock,,Roberts2021,Felix_Scoggins@example.com
1ISYV,Lemon,Denny,Ogle1960,Adam.Cline584@nowhere.com
1L1J1,Walters,Rebecka,Arturo917,Galindo@nowhere.com
1M082,Littlefield,Eddie,Adelaida99,Sturgill@example.com
1MV6O,Antonio,Blanch,Turpin434,Condon@nowhere.com
1O0E4,Shearer,Aida,Dalila5,Kirk.Almeida@example.com
1QYT5,Moulton,Berniece,Curry2005,Betancourt511@example.com
1R5UC,Burleson,Nicolasa,Abraham2003,RhonaScales@example.com
1V74O,Arnett,Lenita,Fumiko2022,AbbottI@example.com
1W2Y9,Gallo,Rafaela,Jarvis9,AbramWord298@example.com
1X5ME,Villalobos,,Staggs1980,HerschelAguirre@example.com
1YM4Z,Shockley,Kizzie,Milton7,Johnson_Rowley695@example.com
1YX9R,Lincoln,Mozella,Jermaine1994,Yarbrough@example.com
1Z4C9,Reid,Gerald,Maryrose1983,Kirby48@nowhere.com
202E5,Hostetler,Donnette,Beatrice1990,QuianaBanks@example.com
21374,Arthur,Jeremiah,Adolfo1971,spnm1@nowhere.com
21W41,Sharp,Bennie,Kerr764,Abigail_N.Royer@example.com
221F2,Armijo,Delmer,Lilly1973,Robertson15@nowhere.com
221OV,Lear,Adolph,Buck1999,Boston3@example.com
223J1,Gainey,Adela,Escobar2002,Bertrand@example.com
226OD,Walden,,Heath1956,Nicholle.Acevedo9@nowhere.com
2284M,Fulton,Voncile,Arron2,Woodworth@nowhere.com
22BU6,Delgadillo,Adah,Keesha1958,Wesley@example.com
22O07,Hooks,Austin,Nathanael65,zdmj2041@example.com
2381J,Mosley,Landon,Barrett231,AdamMorrill@example.com
2406N,Wade,Dagny,Billingsley1999,Marcos_Battle@example.com
242UT,Skelton,Antione,Malik1971,Jerald.Toro@example.com
2481H,Fritz,Kyong,Samuel1953,Razo@nowhere.com
25391,Anaya,Marisela,Belia1951,Jenine.Altman3@example.com
25BQG,Ridenour,Randell,Angel6,ShermanGibbons@example.com
25XFF,Redmond,Les,Juan77,Andre.Abernathy817@nowhere.com
26AR9,Vickery,Delphia,Carter923,AdelaidaAvalos@example.com
2744C,Dang,Adaline,Annabel2004,Hartmann474@example.com
28090,Lemus,Kimber,Alina2013,Lindberg@example.com
289R9,Altman,Adan,Zetta1986,Monty_Z_Andrews5@example.com
28C31,Buckley,Louie,Michel221,Abreu@example.com
28Z62,Gable,Lecia,Emery2029,Caryn.Fogle969@example.com
29840,Free,Beau,Garry1950,ReginePrater245@example.com
29WN0,Lindgren,Claude,Muller943,Ackerman@nowhere.com
2B732,Mount,Andria,Amaral1988,NelsonHannah547@nowhere.com
2CATV,Rice,Freeman,Mikaela313,Tiana.Muniz@example.com
2D4C1,Rinehart,Alvin,Judson813,Gross@nowhere.com
2E162,Fuller,Allison,Adah2008,Otoole@nowhere.com
2F4ZZ,Skinner,Mitchel,Amy954,Christopher.Ayala@example.com
2FBDI,Burchfield,Cristopher,Alan2027,Kelsi.Goins588@nowhere.com
2GKU7,Lilly,Ailene,Jessi396,Boss6@example.com
2GU34,Alvarado,Josephine,Rowell2013,Jodie_Heinz@example.com
2H6ER,Brill,Clorinda,Conchita1999,xjvqjdb4785@nowhere.com
2HJGG,Shelby,Wilton,Barabara6,JuanBaron@nowhere.com
2KX6E,Houghton,Cindy,Amos1982,Andrus@example.com
2LU09,Valle,Palmer,Alfonso2022,dxijoo3304@nowhere.com
2M19R,Moye,Barbar,Abigail2018,Patrick.Shank@example.com
2MJ8P,Link,Dalton,Adela2007,DrucillaAmador6@example.com
2MLHE,Neeley,Jimmie,Branden517,oamq1171@example.com
2MR5H,Sheridan,Adam,Sydney727,Camacho@example.com
2N8BV,Shively,Earle,Bernadine2006,xodatu446@example.com
2NNEP,Fulcher,Billy,Dorsey2027,Austin_Barnes15@example.com
2P3FG,Almanza,Chadwick,Aviles54,cbtwx0@nowhere.com
2P41F,Higgins,Adam,Tommie1,Anaya884@nowhere.com
2Q2EO,Hobbs,Marcellus,Deshawn1999,Card@example.com
2QKIO,Curtis,Quinton,Kern2005,Melisa.Colley18@example.com
2RSJA,Amaral,,Arturo1980,Banda@example.com
2UOMG,Bullock,Bernard,Kincaid7,TommieGarza@example.com
2V4E1,Dahl,Rene,Alphonso2027,Cami.Lynn@example.com
2W9QK,Silverman,Ada,Abby1,Dugan@example.com
2YE5S,Reichert,Dawna,Slaughter2008,IsraelK.Candelaria@example.com
2YF3C,Shaw,Garnett,Amato1990,Gilson714@example.com
2Z6V5,Leake,Faustino,Lucio1976,Delia_JReddick47@nowhere.com
305SO,Slocum,Wava,Benedict698,Minor@nowhere.com
308X3,Damon,Lesley,Forrester2020,uvaqtwvs4877@example.com
30B03,Rankin,Courtney,Christena2006,CheryXMckinley88@example.com
30MT1,Freund,Brigid,Michel1988,mowle5115@example.com
30R42,Navarrete,Colton,Theron75,Arnold_Abreu5@example.com
30TO4,Almeida,Erinn,Yanez1954,Cheung@example.com
311OA,Nabors,Azzie,Marlon738,Alonzo.Fullerton798@example.com
31260,Brent,Abdul,Donnie1956,LutherGBloom@example.com
31F8E,Lemaster,Dewayne,Shakia1966,AdeliaMohr@nowhere.com
31IA7,Reddick,Dexter,Coyne987,MavisMadrid@nowhere.com
31YD4,Darby,Stanton,Danny2009,Krebs238@nowhere.com
320B7,Frost,Olen,Dickerson1977,Valeria_Arrington48@nowhere.com
3234K,Fugate,Arnulfo,Fishman696,Concepcion@example.com
326XI,Tyree,,Whitley1973,AletheaMoe92@nowhere.com
32DMC,Dasilva,Jannie,Tarver1980,Renaldo_Abbott573@nowhere.com
335W7,Rivas,Alejandro,Luigi3,Antione.Leigh@example.com
33ELR,Burdick,Aldo,Hugh2006,BeauAcevedo@example.com
33FDH,Vick,Arlen,Logan868,EddieP_Alcorn@example.com
33IZ8,Lenz,Gilberte,Benavidez3,zckt9@example.com
357RR,Newkirk,Erasmo,Snider2026,Hooker99@example.com
36HP8,Murillo,Rick,Marquez6,EldridgeGibbs@nowhere.com
37XT0,Riggins,Beverlee,Sherise39,elxy47@nowhere.com
380L8,Burchett,Bruno,Jolanda1951,Gerald@example.com
3880V,Needham,Noble,Shawanda2017,Cooney@example.com
38964,Almond,Spring,Chiquita888,Lenny_Curry688@nowhere.com
38MY7,Naylor,Christopher,Malika1999,nupk7614@nowhere.com
38QDZ,Armstead,,Aldridge1951,Soriano@example.com
39BL3,Darden,Gaylord,Shaw444,Dodson@nowhere.com
39KLW,Ault,Joetta,Adina186,BenitoAbbott891@nowhere.com
3AKZ8,Culver,Dorian,Vann1998,Louis.V.Moore@example.com
3D40E,Shrader,Bambi,Jacquie2008,Abraham55@example.com
3D448,Novak,Manual,Blevins1998,dylgghd2173@nowhere.com
3D524,Leslie,Arnulfo,Sharda1998,Raleigh.Casteel@example.com
3DB89,Silvers,Curt,Fay19,Ornelas@example.com
3E5A6,Sheldon,Mack,Aimee2024,Cope@example.com
3EKYQ,Vanburen,Rory,Easterling1957,SilasAdamson@example.com
3F062,Britt,Heriberto,Terrance1,akmr496@example.com
3FO8E,Rayford,Grace,Svetlana1955,HigginbothamU43@nowhere.com
3G2F2,Braun,Adena,Elizabet2011,Hurtado@nowhere.com
3I2NT,Aragon,Jennell,Harrison161,Hassan_Mcneill@nowhere.com
3K3GY,Brinson,Cinthia,David1972,Britton763@nowhere.com
3N9GP,Lively,Isadora,Hoffmann2004,Ronald_Chapin184@nowhere.com
3Q63T,Atwood,Abdul,Svetlana1965,AllenSlade@nowhere.com
3R404,Mullen,Ivory,Rene1,orxcl9004@example.com
3R7X9,Hinds,Porsha,Darci374,Crabtree@example.com
3RSX1,Bundy,Genevive,Boles7,fuuppurq.saufpqsaky@example.com
3V656,Alfaro,Barry,Clarence1962,AustinH.Becnel7@nowhere.com
3X4U0,Neal,Courtney,Lakita1998,Cassidy@example.com
3XC6S,Rawls,Dinorah,Hamlin1,Coward@example.com
3Z245,Myers,Kevin,Leonel2014,DaraAbraham@example.com
40MQ1,Vann,Roderick,Leah22,SallyMotley@nowhere.com
4154V,Reynoso,,Coy1955,AlfredoAmador@example.com
42199,Venable,Reggie,Shaquita183,Medley655@example.com
4224D,Brito,Micha,Ninfa1958,Hendrix@example.com
426C2,Wagner,Samual,Carlos262,Byrne282@example.com
4294I,Leroy,,Gabriel245,Peter@example.com
42H89,Aranda,,Barry378,qkrsfqeo.pruh@nowhere.com
43NL4,Vaughan,Renaldo,Devin617,CulbertsonO9@nowhere.com
43VEG,Fox,Tammi,Acevedo48,SebastianGrove587@example.com
442AE,Vernon,Laurine,Bo823,sfdedh9795@example.com
446BD,Bright,Delfina,Adam695,AlexBanks@example.com
45342,Allman,Marquetta,Raelene2024,Joline.Peralta@example.com
45AY5,Ledbetter,Johnnie,Roberts2004,Kearney173@example.com
45C0I,Wallace,Demarcus,Remedios2025,LuluMatos@nowhere.com
46570,Sikes,Alexis,Varney4,yfrxowdm.ghmwbn@example.com
466DK,Bunnell,Louvenia,Xochitl26,Elvis.Sawyers@nowhere.com
469P0,Rhodes,,Acker2021,Conklin18@example.com
46HG3,Freeman,Claretha,Whittle2001,ubdhhcfo8@example.com
46RX3,Niles,Calvin,Birgit1996,Wellman71@example.com
47947,Hilliard,Doyle,Adolfo2028,AidaAbreu@example.com
47DSP,Rickman,Ada,Dennis1975,AdolfoVanhorn@nowhere.com
47I6B,Burgos,Alida,Parish4,Saucier9@example.com
49523,Arevalo,Drew,Alonzo2018,Johnson@example.com
49SZH,Andrew,Rod,Green676,Will@nowhere.com
4AA5E,Raymond,,Israel843,Antoine821@nowhere.com
4C156,Delacruz,Piedad,Sherrie786,Lyle_Singletary@example.com
4CKRZ,Brenner,Willetta,Barton3,Winter_Applegate@example.com
4D5K5,Valentine,Frankie,Suarez2022,AngelinaSalley858@nowhere.com
4F778,Alston,,Graham6,Simonne_Bunting@example.com
4F95G,Shaver,Cody,Crisp835,Bass@example.com
4FN6C,Cullen,,Tod1998,Rushing@nowhere.com
4FN8S,Rash,Mason,Arellano524,Arden.Owen@example.com
4GY67,Newell,Randy,Arnoldo567,Cline@example.com
4H5C0,Bryson,Shanta,Abney554,AgustinAbreu34@example.com
4ITQ9,Bruns,Kirby,Wahl2007,Ehtel_Madsen1@example.com
4JCI9,Nesmith,Kimiko,Sage934,Tony.Sturm715@example.com
4LE08,Demarco,Artie,Alfredo2,Saylor2@example.com
4M40X,Villa,Adah,Faye52,PasqualeAnders@example.com
4MY80,Motley,Leandro,Rochel848,rhojlxoa6791@nowhere.com
4N0RN,Raynor,Adam,Ebony9,Braswell@example.com
4OACK,Rider,Connie,Monroe2017,ljhtn99@nowhere.com
4P841,Simone,Karly,Oliveira1956,Kellee.Hilliard@example.com
4S0S1,Reeves,Joella,Rosen1979,Anaya58@nowhere.com
4ST96,Frizzell,Archie,Keneth2027,sqjfa303@example.com
4T900,Slaughter,Kindra,Larry261,cchfj3600@example.com
4T9C2,Davis,,Merle2029,qctezes6556@example.com
4U05M,Dale,Abdul,Kroll2000,Lemuel_MMorris@example.com
4UL38,Burley,,Puckett362,Crum@nowhere.com
4V587,Munson,Desirae,Victor2020,Abernathy796@example.com
4VE78,Sizemore,George,Derrick2005,wqdxqz1@example.com
4WV91,Armstrong,Lamont,Zackary1969,Bumgarner59@example.com
4XG9A,Custer,,Adaline691,Landrum948@example.com
4Z3B6,Danielson,Kareem,Bess291,pvnpe74@example.com
50753,Sherman,Carol,Lowry154,Tremblay27@example.com
508G6,Armenta,Lemuel,Thorn19,ErlindaPrather@example.com
51544,Crum,Mac,Couture889,Morton@example.com
51FUA,Lemke,Eufemia,Winfred964,ShonBDiehl3@nowhere.com
51Z4M,Roark,Orlando,Monroe414,Fortier@example.com
53EV3,Ricker,Jerald,Inell974,Janina.Neff@example.com
5446C,Breaux,Alisa,Lyle1961,qrsfzwp0759@example.com
544G0,Nolen,Nieves,Malcolm1972,Elwanda.Lucas762@example.com
54AOF,Franco,Stewart,Bostic1992,AdamAcker774@nowhere.com
54FM4,Leigh,,Shayla1955,uevpz6655@example.com
54NU3,Hilton,Lauren,Socorro549,DarenChristie@example.com
55238,Robb,Sidney,Hyde52,ErrolMeredith@example.com
55348,Varner,Duane,Carrol2019,AdalbertoChau89@example.com
55O6N,Richmond,Candance,Alvin89,KendallDubois@example.com
56T86,Dayton,Fernanda,Casey2029,Vicente_Charles@example.com
580Q0,Sheppard,John,Brady2013,Aiken@nowhere.com
5811Z,Simpson,Hassan,Abbie841,MaryaliceWalling49@example.com
5899T,Ritchie,Abdul,Clyde3,opzt2355@nowhere.com
58J6C,Shade,Brent,Aiken136,Cyril.Henson26@example.com
58M38,Brown,Gennie,Mccloskey5,jvtbonrb.jwqjt@example.com
597W4,Gaffney,Jasmin,Clinton747,Napier592@example.com
59CH3,Simonson,Augustus,Eldridge2002,Rogelio.Anthony521@example.com
5AJD7,Gallant,,Haywood2000,Madlyn_Blair@example.com
5B2A1,Browne,Aida,Viera674,Melonie.Oh@nowhere.com
5DT4I,Sipes,Bessie,Holley1964,vjxd563@nowhere.com
5EBW5,Siegel,Shad,Cecil6,pwutly7073@example.com
5EI91,Dellinger,Idella,Marcella868,Snipes354@example.com
5GNZ2,Brooks,Carl,Jeana7,Noel14@example.com
5H8P5,Galvez,,Abel842,CornellHuston@example.com
5IBZ6,Napier,Rory,Lang1980,Marshall_Givens@example.com
5ICBM,Velazquez,Ashley,Adolph568,WagonerW559@example.com
5IWJL,Leger,Vicente,Cheree1955,NannieAdame@example.com
5J3D4,Burnett,,Elizebeth1999,Agatha_Hughey9@example.com
5KUF6,Ames,,Aubrey98,Maness@nowhere.com
5MK9Y,Wahl,Wayne,Jody8,Otto_Carr@example.com
5N8TN,Shook,Mallory,Salcido332,AlanAbraham@example.com
5P89G,Asbury,Homer,Jodee1964,WinfredRau819@example.com
5PZBG,Leak,Dalila,Lester1959,BurtonMears@example.com
5R5Q8,Ventura,,Robbie2000,Garrison@example.com
5RDLW,Buckingham,Britt,Christian138,ArlenaWild@nowhere.com
5RH31,Lindsey,,Acuna2001,Hastings@example.com
5W1S9,Shell,Mikki,Patricia1989,Ballard255@nowhere.com
5W741,Skidmore,Galen,Gary3,ypnbwkpe3288@example.com
5Y552,Hindman,,Delphine317,Kristyn_Abernathy@nowhere.com
5Z8HY,Bryan,Wan,Thomas1950,cqgeyjnq.wsdyoabfjv@example.com
6067V,Sierra,Romona,Hans1989,oydphdx4279@example.com
611Q6,Rigby,Herschel,Alford617,Cuellar@nowhere.com
61215,Hobson,Refugio,Emil1,KelleyConklin68@example.com
61578,Vanwinkle,Benito,Leta2007,RacquelPeter866@example.com
619F1,Fultz,Ben,Alfredo351,VitoMaestas548@example.com
622TX,Reeder,Denese,Ashely378,Ackerman@example.com
62K8Z,Shannon,Marcus,Foster1983,ArronChang9@example.com
62T9B,Munn,Angelyn,Johnnie658,MarlinI.Rizzo@example.com
632U9,Nieto,Carmela,Leonel275,AlvinFennell@example.com
6347U,Livingston,Wilfred,Denese1997,wwwbk3137@example.com
64428,Myrick,Jackie,Shirley67,Back@example.com
64432,Bunch,Abram,Caroll64,Tennant@example.com
649S7,Sisson,Abby,Apodaca2005,Abram.Aiello@example.com
64T4Z,Amato,Simon,Saul2017,Abigail_Everett@example.com
65144,Holbrook,,Cortes2,Anthony57@example.com
658WC,Archie,,Ian414,Shields@nowhere.com
65EX3,Anthony,,Adaline92,Lovella_Cardoza66@example.com
660AH,Underwood,Karren,Thao361,Nance171@example.com
663L3,Burr,Elliot,Francene6,ColinDHaskins81@nowhere.com
66BBC,Fowler,,Overstreet2020,MosesBerger@example.com
672U1,Wakefield,,Allman1969,Santiago.Bowles33@nowhere.com
67U39,Bullard,Wilson,Raven26,Chrissy_Lindgren@nowhere.com
68051,Cuevas,Alec,Bobby2019,CarterC.Bernstein94@example.com
6837R,Rapp,Marcus,Raymond2006,HoustonCamarillo9@nowhere.com
68X66,Alderman,Leonel,Abreu478,AlexanderOtis97@example.com
69BZ0,Briones,Augustine,Albertson551,Darnell@example.com
69MW6,Delarosa,,Arthur2019,WeldonBrandon@example.com
69Y73,Vidal,Gustavo,Vernice2014,Berta.Reese@example.com
6A3WX,Hollingsworth,Mireya,Dean1964,Lavern.Bryan@example.com
6ETQP,Frey,,Dave1998,Corbett@example.com
6H26W,Amaya,,Savoy765,Stearns48@example.com
6H47P,Villanueva,Riley,Elijah413,Romero@example.com
6JJQ8,Redman,Margarite,Adah462,Groves136@example.com
6JZ4X,Dees,Aurelio,Emmett969,cqnpfp7@nowhere.com
6K3FU,Browning,Loree,Abe1991,Conaway@example.com
6KV07,Singer,Jack,Martin2021,Cassie_Y_Hinton@example.com
6L1H1,Gandy,Nadia,Ahmed1952,Rosanna.VConyers@example.com
6MO0J,Reddy,Stanley,Lowell2020,Tina.Soliz@example.com
6NF8O,Unger,Nathan,Waldrop2013,TerryAcker@example.com
6NIIB,Furman,Dora,Albertina1980,Abernathy@nowhere.com
6NZ98,Arreola,Harrison,Mueller4,Ackerman192@example.com
6PNX1,Andrews,Adolfo,North5,Ada_Booth@example.com
6RA0C,Angel,Gerald,Adella2018,Wilfred.Decker971@example.com
6RBI1,Waddell,Wilmer,Rudy2,FreidaRobison@example.com
6T41T,Frye,Adalberto,Albrecht2002,JohnetteStarnes@example.com
6THR6,Richey,Roland,Beth1992,habsleok0419@nowhere.com
6UF59,Holguin,Zola,Back1951,CynthiaRedd81@example.com
6UUP5,Nagle,Tressa,Adolph69,Carl_Bryson@nowhere.com
6WWSL,Shull,Kathleen,Coons2020,ArlenKearney@example.com
6Y339,Burkett,Adelaida,Norbert954,BrisenoB126@example.com
6YIGR,Davidson,Christin,Hanes171,AckermanR@example.com
6Z8MM,Buffington,Veronica,Daisy2003,Mccann@example.com
6Z9C2,Murdock,Adam,Meri844,Eugenie.DBateman@example.com
6ZD99,Mullis,,Ashton1988,Plummer@example.com
701B3,Reynolds,Alvaro,Nash2002,puyvb2120@example.com
70735,Lester,Tory,Dewitt4,TomiF_Battles@nowhere.com
71G4R,Ledoux,Bernard,Bertram344,Slone@example.com
71MR0,Reaves,Stephnie,Edmond1970,TobyB_Aponte85@nowhere.com
722W3,Homan,Reyes,Devlin6,Ofelia.Lozano@example.com
72Q6E,Waller,Tommie,Ortega1953,Bunn214@example.com
7362N,Bueno,,Winona2016,AdanJarvis@example.com
7365L,Dell,Andrew,Celia496,Burgos@nowhere.com
7377C,Lerner,Wesley,Arturo1967,Jarrell@nowhere.com
739BS,Nevarez,Dia,Benjamin2001,fdzhtbwr.vsxgwfkdi@example.com
740D2,Nance,Jerrold,Abbott1991,EdwinaNieves@nowhere.com
749ME,Arnold,Clotilde,Samuel2005,whdojvcd_recacmy@example.com
758QP,Davenport,Lewis,Glenn2025,Lewis.Ernst@nowhere.com
75REI,Shores,Sheilah,Kasey5,Rife6@nowhere.com
76S1C,Ali,,Nicola767,LoydBelcher@example.com
76SR6,Horowitz,Korey,Blaine465,fhxg2120@nowhere.com
770TJ,Fullerton,,Milan916,Johnathan_O_Acevedo898@nowhere.com
7784F,Murrell,Alexis,Choi1976,Abel_K.Slagle@example.com
77SR9,Upshaw,Dennis,Dione633,Mosby@example.com
7856V,Wagoner,Buster,Mack842,knawri96@example.com
78659,Singh,,Alaina199,Tish.Alaniz@nowhere.com
78840,Gallegos,Tawana,Valerio2013,Lambert@example.com
78D97,Siler,Erich,Selma572,ybvyql9820@nowhere.com
78WZT,Shipp,Genie,Markham51,StanleyHenke@nowhere.com
799BA,Locke,Mammie,Ricky58,NoelGerald58@example.com
7A13G,Ricci,Mickey,Cooks2016,Beale6@example.com
7AH5U,Ashmore,Adriene,Carrol2015,Laquanda_UHealy775@nowhere.com
7DJ7Q,Hoskins,Josefa,Werner2029,Adalberto.King477@example.com
7F04Y,Shelton,,Roosevelt1953,qgpgctin.vbyf@example.com
7H48I,Hinton,Duane,Gilberto2022,Stuckey@nowhere.com
7J045,Horsley,Verena,Gene1952,GaylaAmador9@example.com
7JI98,Ratliff,,Isabella1991,Cordell55@nowhere.com
7KT6K,Rayburn,Benjamin,Galen1972,Baugh374@example.com
7LDQ2,Brothers,Marleen,Jeromy987,Arminda.Winston@example.com
7LRMM,Lockhart,Asha,Hynes1988,ChangAddison34@example.com
7M5Q3,Shepherd,Julianna,Adolph1960,Thames@example.com
7N81W,Ransom,Rudolf,Jules559,Akins428@example.com
7O0X7,Valdes,Andria,Amparo2002,Delbert_Abernathy5@example.com
7O19F,Singleton,Johanne,Carlisle9,oeepqhkj573@example.com
7PF2F,Slone,Loralee,Woodrow867,Hearn@nowhere.com
7Q2A2,Hoyle,Dewayne,Bayne914,CoutureU939@example.com
7Q40R,Leclair,Aldo,Hudson4,Addie_Sommers323@nowhere.com
7Q8U2,Breedlove,Caleb,Mcgowan988,Casey_Ruby6@example.com
7QUO2,Lemieux,Ray,Kent947,AgnewF@example.com
7RT06,Vail,,Gail198,HughOBeaulieu@example.com
7S0W5,Ligon,Tamra,Randell2019,VioletteMcgehee@nowhere.com
7V933,Andrus,Wilma,Alec2019,ervwmeoa95@nowhere.com
7W7T5,Burris,Aleisha,Bo2014,Drury26@nowhere.com
7X067,Linn,Sheree,Andersen2021,Bradshaw6@nowhere.com
7X2Y2,Burger,Charlie,Charley5,Marlyn.F_Tibbetts@example.com
7X5Q4,Andres,Lyndsey,Wenger1979,Beverly@example.com
7Z02U,Crutcher,Tasia,Bobbi2014,Paulson67@example.com
80DGQ,Lilley,Adolph,Curran1989,Renato.Villalobos487@example.com
80K75,Bruno,,Elvira535,Stanley_Pritchett953@example.com
80R2M,Fuentes,,Marlyn2012,Augustus.YSchneider@nowhere.com
80YCP,Albertson,Keneth,Batista2018,Ouida.Mccormick972@example.com
814NL,Alonso,Pablo,Charise789,ElliotOutlaw665@nowhere.com
81GNL,Galvan,,Farah862,gsequm5518@example.com
8203X,Brinkley,Adelina,Sylvester614,Kellee_Legg361@example.com
824K5,Gamez,Armand,Abdul2011,Alta.Bonner@example.com
82F0R,Shaffer,Barbera,Tim873,Terese.SAlicea54@example.com
833O6,Slade,Marty,Elfrieda893,MaryanneRoderick@example.com
83800,Newsome,Rod,Annmarie823,rxrcrkre6550@nowhere.com
83A02,Lim,Austin,Giles931,JessCasillas@example.com
845TR,Lemmon,Maximo,Salvador891,Whiteside13@example.com
84BF9,Waldron,Dusty,Everett971,Cheung1@example.com
84BP7,Davison,Ellis,Heflin567,Hightower2@example.com
84PN4,Hood,Nancie,Lydia997,OtisA22@example.com
8550I,Shapiro,Emil,Barb794,CameliaLund@example.com
8586P,Norton,Jules,Sandoval556,bomoj6842@nowhere.com
85K83,Shields,Cleo,Fischer1952,Abraham97@example.com
85R74,Littleton,Myron,Ernest2018,Numbers@example.com
86433,Broadway,Ahmed,Elliott2000,ClaritaCarbajal966@example.com
89O55,Bumgarner,Wynona,Candida1979,ixab6727@nowhere.com
8ATDW,Neuman,Alane,Adaline92,Yost44@example.com
8CV0R,Velasco,Elfreda,Warren964,HodgsonU54@nowhere.com
8F9OR,Vitale,,Adelaida972,ssyvhe1@example.com
8FI46,Reardon,Elijah,Tyree13,WhelanK@example.com
8G0F4,Shuler,Aiko,Busby2013,xuhr9314@example.com
8IDDX,Vanmeter,Tracey,Talley1981,Sizemore@example.com
8J6J3,Arias,Mose,Willis897,Mays@example.com
8J9JJ,Reedy,Jules,Alicia1963,Palma@example.com
8JBFS,Brice,,Hawk1977,Lorean.Andrade8@example.com
8L14A,Leavitt,Cyril,Lance739,Salcido@example.com
8M5W9,Rico,Hanna,Tyner6,HyattF@nowhere.com
8M70V,Lewandowski,Malika,Courtney413,klyu24@nowhere.com
8MK8N,Archuleta,Carma,Hayward1962,AlmondY549@example.com
8N732,Alley,Angelia,Raley1967,LannyNye565@example.com
8NXJ6,August,Adela,Wooten85,Poulin16@example.com
8O831,Hoyt,Ward,Jess2024,Theron_RLemon2@nowhere.com
8PYP2,Fredrickson,Maricruz,Najera2016,DewayneRoy667@example.com
8QK5I,Crutchfield,Randy,Noyes1980,Andy.QFolse449@example.com
8RY5H,Valles,Rigoberto,Danyelle5,Abbie.Lance52@example.com
8S01D,Friend,,Noel97,mnppel1730@example.com
8S462,Levin,,Xenia1975,Laster@nowhere.com
8U7ND,Small,Andrew,Andrew482,FranceneB_Bearden@example.com
8W796,Valerio,Courtney,Loree1955,Burns682@example.com
8X60W,Sisk,Landon,Michaele2009,Allard@example.com
8XJ4T,Nagel,Janett,Ponder1978,Beal@example.com
8YNY7,Shank,Adela,Conception458,AbigailBozeman726@nowhere.com
8YOVZ,Roach,Neta,Abreu1983,Acker@example.com
8YW08,Hoppe,Winfred,Collier1979,Beltran@example.com
90O92,Lloyd,Percy,Hollingsworth428,MirtaIbarra198@example.com
9196X,Ridley,Moses,Durr1963,Louis@example.com
91V06,Arredondo,Dionna,Oliver1960,Montalvo@example.com
927P6,Velez,Ada,Ezekiel2000,bligtjce38@example.com
93G47,Alvarez,Billie,Bonner3,Grogan@example.com
93N2R,Shafer,Dana,Elmer1991,Jason.H.Mckinley63@example.com
94378,Atwell,Wilber,Foster2010,Acevedo@example.com
94A9W,Arrington,Arturo,Jasper2026,AdanAndrus@nowhere.com
953T4,Vickers,,Rema692,tgzh9788@nowhere.com
96LVP,Horan,Heath,Demarcus1951,jvablfwo5@example.com
980X8,Asher,Julee,Denney567,JulianJack2@nowhere.com
9840T,Askew,Johnny,Jan4,Reeder42@example.com
989YF,Gabriel,Abbie,Abrams536,mshn8261@nowhere.com
991TB,Fuchs,Lillie,Neumann1977,Morton876@nowhere.com
99752,Burrell,Justin,Michael273,AprilGuidry@example.com
99VCX,Rawlins,Damion,Biddle1957,Day@example.com
9AKC8,Danner,Jerilyn,Holiday2006,Eloy.O_Babcock@nowhere.com
9C606,Ashton,,Alida83,Rains65@example.com
9CZ0P,Hinojosa,Simon,Lorenzo533,Towns23@example.com
9F841,Sides,Abe,Adam981,Teodoro_Back@example.com
9GGWU,Slaton,Brady,Tyson2029,Shane_Flores5@nowhere.com
9GYQ9,Lindsay,,Aiello1985,MarkGerard@nowhere.com
9HG63,Ritchey,,Christena629,Zook@example.com
9HQ39,Hightower,Rodger,Akilah358,ybkewpxy.achowa@example.com
9HRXF,Walling,Marybelle,Abrams1971,JulesWingate99@example.com
9HW92,Nash,Abe,Melodie2008,bmktvjl7264@example.com
9JXDT,Dailey,Tiny,Matos16,Adeline.NAckerman171@example.com
9N68F,Galarza,Telma,Lauri586,DaniellAlbertson563@example.com
9N701,Arroyo,Theresia,Mariana7,Lumpkin@example.com
9P470,Noriega,Dillon,Zetta2009,Moreland@example.com
9QNL9,Dehart,Caleb,Amparo752,CharitaShook556@example.com
9S06E,Noyes,Weston,Luckett1991,acgs2@example.com
9S33A,Horner,,Jeter781,acef8@nowhere.com
9S9S2,Vanover,Darlena,Adam849,ShakiraBlais@example.com
9ST98,Silver,Freda,Mcmillen922,Lucien_Boisvert27@example.com
9T5GG,Buckner,Abdul,Pinckney1975,OllieCovert@example.com
9U8CB,Regan,,Chantel2027,ShaeGoad@example.com
9VIZ5,Nowlin,Luke,Amaya99,Dominick.FBaum384@example.com
9WM00,Rhoads,Ervin,Wyatt1954,Benjamin678@example.com
9Z12U,Nickel,,Abraham2008,Bohn@example.com
A0926,Littlejohn,Susanna,Ernest1986,Strickland13@nowhere.com
A159H,Davila,Agripina,Abel158,Pettis5@example.com
A200K,Ricketts,Crystal,Tonisha547,Skelton@example.com
A23LG,Lockett,Johnnie,Cristopher296,Benitez392@example.com
A312G,Vaught,Melynda,Randell7,Leighton2@nowhere.com
A40U5,Shepard,,Abigail346,Gaylord1@example.com
A4KZB,Daly,Aleisha,Kallie2008,IraBrennan13@example.com
A60LQ,Nicholas,Grant,Christman2029,Latrisha.WAcker@example.com
A8K62,Leeper,Chong,Wiley4,Bowlin@example.com
A9J4F,Burdette,Charlesetta,Dwight2002,Henson@example.com
AACXV,Vest,Emil,Silverman2006,CaroylnStubblefield@example.com
ABWQT,Honeycutt,Haywood,Julianne9,pcxca6@example.com
AD885,Holman,Russ,Kari317,Aida_Horne@nowhere.com
AJW42,Noble,Crysta,Hee1995,TeodoraGonzales@nowhere.com
AKN70,Gann,Ada,Toya335,OdeliaPollock@example.com
AL96E,Renteria,,Aron947,ffbcsqz2@example.com
AU3H0,Lind,Charlene,Lonna1991,vvikkznl_peix@nowhere.com
AUFX5,Levy,,Jermaine1967,Acker@example.com
AWC8V,Negron,Antione,Aguirre2017,CodyCarey@example.com
AWTAB,Allison,,Brian6,Baines@example.com
AXI38,Bridges,Marlon,Adolfo2028,Farnsworth@nowhere.com
AXXSQ,Upton,Harriett,Broderick1981,Wendolyn_JAllred3@example.com
AYYOI,Roberge,Honey,Winfred1982,Carolynn_Thurston6@example.com
B0CHP,Skipper,Renaldo,Milford1951,CaryZ_Baines8@example.com
B223W,Robbins,Toshiko,Adalberto2004,rwpanth23@nowhere.com
B4B8K,Upchurch,Mckinley,Byron236,Anders@nowhere.com
B560H,Ashby,Donetta,Gaylord9,AbeDesantis191@example.com
B794T,Shirley,Cortez,Robby1978,fcfrinnl.lbpsxjwvc@example.com
B8KBI,Rich,,Dick1970,Gibson@example.com
B9ZL8,Simms,Tequila,Ferdinand1994,Doran@example.com
BBL0C,Horvath,Rex,Gary154,Marlow592@example.com
BC59M,Cushman,Austin,Aurelio7,BoyceCollier@nowhere.com
BE5AC,Andre,Adela,Jacquelyn295,Breanna_Aguilera866@example.com
BJ1ZC,Artis,Kristopher,Glen499,gzfsm6844@nowhere.com
BK3N0,Galloway,Tambra,Broadway2003,Esteban.Adam566@example.com
BKBIF,Urban,Herb,Kennith2015,Pham6@example.com
BKFFR,Leone,Addie,Bryan2026,sauw13@example.com
BLJQ7,Hoff,Tomasa,Arica2008,Breedlove@nowhere.com
BRM08,Holloway,Artie,Cheyenne459,RileyMcvey@example.com
BT497,Frazier,Adam,Solomon9,Comer399@nowhere.com
BXM82,Levesque,Erick,Carletta1988,BasilBrittain769@example.com
BY07U,Rios,,Nelson939,AdelaOh@example.com
C14UE,Arellano,Dione,Naida1953,Hammer92@example.com
C3992,France,Isreal,Joey1986,Snead@example.com
C6Y1R,Hillman,Ken,Leanora7,Abbott@nowhere.com
C77TU,Vega,Dena,Pierce1996,JeffersonF.Bock@example.com
C7VT5,Vallejo,Claudia,Aponte3,Craddock@nowhere.com
C895S,Reis,Ashleigh,Helen2020,Ritchey@example.com
CC5YP,Vogel,Lynsey,Sharon1998,Lindberg85@example.com
CD0UM,Nielson,Cher,Dorsey2029,kwxmtnlw7383@nowhere.com
CDIE3,Deaton,,Shila2,NomaAhrens@nowhere.com
CJ1AW,Najera,Cammie,Lloyd1999,Clancy935@example.com
CK3O8,Regalado,,Garret1999,Valarie_Francis@nowhere.com
CK9L5,Lindley,,Debrah2,tousuotd2554@example.com
CLUVF,Newton,Hillary,Don9,TrinidadKovach@example.com
COF9R,Braxton,,Bruno2014,Desimone16@example.com
COSJ2,Hong,Glen,Jamey357,Carolina_Abbott@example.com
CPSOU,Waldrop,,Benjamin3,DylanStephens349@example.com
CWL16,Legg,Adaline,Alden2020,Amie_Ragland@example.com
CYSQS,Villareal,Zona,Roderick74,Stearns52@example.com
D07D3,Liles,,Anaya2004,yrmjz701@example.com
D08BY,Briggs,Barton,Basil1988,GeorgineChampion432@example.com
D09Q8,Currie,Foster,Archie2015,AngeloLafleur@example.com
D134N,Ashcraft,Noe,Petit2012,Beaty81@nowhere.com
D14F6,Burkhart,,Randy6,xlxp3915@example.com
D1R33,Wallis,Jack,Rader474,GeorgieAbel169@example.com
D4756,Higgs,Kip,Abernathy913,Annmarie.Z_Gilbert@nowhere.com
D7278,Newcomb,Jerald,Viva131,LesleeZuniga@example.com
D8MAD,Darnell,Porter,Ayako2006,Brand72@nowhere.com
D8V0D,Arce,,Jamee1994,obklw7504@nowhere.com
DALM5,Ness,Karleen,Chance2009,Tong785@nowhere.com
DB13N,Neill,Adolph,Samuel113,tecxz1@example.com
DC7YJ,Gannon,Drema,Jeffrey277,Christeen_H.Rutherford454@nowhere.com
DCWKX,Muncy,Ferdinand,Joseph586,sdxtxl5941@example.com
DE0ET,Shuman,Adam,Shanita276,Francoise.Ammons611@example.com
DEOQH,Vaughn,Joye,Robbyn227,edtfd4@example.com
DJD54,Mullin,Carmelo,Micheal255,Abdul_Dodge@nowhere.com
DN6M3,Lehman,Roseanna,Hiatt2012,Bynum61@example.com
DNGQ8,Lerma,Jesusa,Latoyia479,Leisha.SGainey@example.com
DNQU7,Shultz,,Trevor1955,Lantz@example.com
DO7TH,Slack,Chase,Stinson388,Shondra_Reiter@example.com
DOZIT,Curran,Erasmo,Antoine1981,Carranza5@nowhere.com
DP17Z,Horton,Curtis,Dena2005,Beatriz_Hartman637@example.com
DQX2V,Horn,Dewey,Duff75,JeramyMaldonado@example.com
DT302,Uribe,Clifford,Coker231,GreggObrien@example.com
DU9WD,Fry,Gus,Dennis5,WillardBonds52@nowhere.com
E01ZH,Ambrose,,Rick7,Grayson@nowhere.com
E0DC0,House,,Adela299,Garner21@example.com
E3B4E,Simon,Adolph,Mcfarlane815,Alderman359@nowhere.com
E4ECP,Noland,Tobie,Quinlan2014,Finney813@example.com
E4MD4,Tyner,Donna,Shanta888,Britt@example.com
E5V30,Little,Suellen,Goldie1998,Neville826@example.com
E89PE,Fryer,Kristopher,Ahern6,SchulerP949@nowhere.com
E8OEC,Burnham,,Moyer925,CedrickAlbertson@example.com
E9532,Allard,Kermit,Penney574,Alcala@example.com
E985N,Reiter,,Crutcher2004,GrahamBeeler@example.com
EE881,Nelms,Derek,Chong1980,Cromwell@nowhere.com
EM8C2,Shore,Summer,Tory49,DeonBenjamin@example.com
EN29C,Munoz,Maximo,Herschel7,Brooks@example.com
EQY89,Short,Colton,Hermelinda2019,Charley_F_Chu53@example.com
ES46M,Holiday,Alex,Grazyna2007,LiannePosey@nowhere.com
EU472,Riggs,,Marcos217,DanielCrosby27@nowhere.com
F025J,Holland,Kortney,Maryann4,ltbd4@example.com
F0X03,Howland,Aisha,Rosemarie522,Sanford34@nowhere.com
F1551,Shumaker,,Aponte2010,bocu4598@nowhere.com
F45F4,Walton,Milton,Nicholas2024,Booker_Hass@nowhere.com
F4A5K,Skaggs,Shenna,Antonia2001,Acevedo@example.com
F5B16,Negrete,Thomas,Terence352,Chris.Mahaffey48@example.com
F5R2G,Vigil,Denis,Agustin595,WeiGillette35@example.com
F75G5,Brink,Carola,Alene2027,ArturoTDelgado@nowhere.com
F9L3N,Brumfield,Abbie,Rashad9,Ritter87@example.com
FI457,Brennan,Adelaida,Margeret1967,Kimbrough@example.com
FIK33,Gaddis,Max,Lawrence359,wtkkvfyo9248@example.com
FIXCI,Valenti,,Marcelene2,LashonSheldon92@nowhere.com
FMI17,Richter,Anthony,Trice426,Sherri.Strauss59@example.com
FR17H,Lentz,Dayle,Kiersten1983,Antonia_Beck@example.com
FS8A9,Dabney,Aron,Broadway444,Nowak@example.com
FSC92,Riley,Nona,Ariel239,Patino@example.com
FV738,Rangel,Thomasina,Keck2027,Ramirez@nowhere.com
FX04K,Funk,Ray,Elisabeth377,Harley@example.com
FXCK6,Francois,Newton,Lona13,Haggard23@nowhere.com
FXT3F,Shay,Johnathan,Irwin2002,yvvzhqrq_qsmgrnjvvz@example.com
FYQ76,Fraley,Wilburn,Chance1972,AnneZCulbertson83@example.com
FZ2DV,Rau,Vito,Jessie264,Apodaca@example.com
FZL0C,Daniels,Loraine,Neva2003,Shyla_Gunther23@example.com
G5473,Verdin,Tamiko,Barnhill2005,tbjmduhn_umlzeog@example.com
G611R,Arsenault,,Allan217,TrentonH.Berrios@example.com
GD884,Arriaga,Adaline,Abe284,Alishia_Temple@example.com
GDE3O,North,,Binder2027,BrittaniDooley324@example.com
GFK67,Rauch,Dario,Deon1969,Delora_Sweet@example.com
GG8Z1,Lehmann,Thurman,Hass764,Booker.Everett@example.com
GL41V,Newsom,Jonah,Franklyn851,Lowman@example.com
GL90V,Norman,Ammie,Ezra1966,Weinstein3@example.com
GLT1L,Holden,James,Lavina96,AhmedMontes@nowhere.com
GM39E,Franks,Tynisha,Cornelia186,Abel.WEvers@nowhere.com
GRO43,Renfro,Kirby,Bock1990,Baca885@example.com
GT1F7,Simpkins,Valentine,Troy2025,ShelbyClevenger@example.com
GVX4W,Neff,Natalya,Etsuko2022,Gorman21@example.com
GWNQN,Arteaga,Terina,Morgan1962,Hickey@nowhere.com
GWZUQ,Burnette,Hector,Hatton2004,Ashmore@example.com
GYQNH,Homer,,Carri746,JamelEGraf@example.com
GYV84,Archer,Jamison,Hutton2007,Epperson13@example.com
GZ5M9,Hildreth,Marge,Marian2009,Aubrey_Poindexter6@example.com
GZHC1,Aponte,,Garrett87,Woodrow.Courtney3@example.com
GZIYR,Burden,Kelvin,Minor2021,fhhrszea_frouvaf@example.com
H07A1,Curtin,Heidi,Candace5,Ragland688@nowhere.com
H1C3E,Brownlee,Laurence,Bader2010,Hood@example.com
H1QB5,Arndt,,Frankie599,KeelerN677@example.com
H28CZ,Redmon,Pamula,Howell1955,Mcdowell@example.com
H3E77,Sheets,,Deedee61,Hightower@nowhere.com
H445K,Galbraith,Ena,Joseph2009,Lazaro_Beattie556@example.com
H64G4,Himes,Layne,Lynell2004,Correa@example.com
H67O3,Renner,Diego,Marchand246,Farias@example.com
H77OQ,Riddle,Rachele,Stout669,Abreu848@example.com
H7F5W,Shorter,Hong,Michel1954,Isaura_Aldrich@example.com
HBB8L,Daley,Mitchell,Adam1968,LynseyMccormack@example.com
HCT9M,Sherwood,Francesco,Abdul2025,Driscoll@example.com
HL6B0,Hollis,,Saul58,Swanson36@example.com
HR234,Shelley,Ronnie,Mandie951,ElmoGuerrero16@nowhere.com
HSY0F,Gage,Annamaria,Cleopatra546,Della_R.Eaves@nowhere.com
HY9ZS,Moyer,Abel,Bradshaw1954,ErnestoWheatley9@example.com
HZNS4,Rendon,Lettie,Adame2006,Andrews21@example.com
I24BE,Bunker,Emery,Leonel2004,Mosier1@example.com
I2EPG,Holley,Belinda,Kelsi597,Silverman@example.com
I5049,Amador,Adolfo,Lovella782,Joye.Akers289@nowhere.com
I5435,Varney,Merlin,Boris851,Angel73@nowhere.com
I589C,Read,Brent,Jacques1955,Awilda.Beach186@nowhere.com
I6S35,Fries,Jacinda,Alysia9,Allard@example.com
I744H,Leighton,Lincoln,Woodard1,Alva.Cloutier@example.com
I7G78,Richards,Anjelica,Babb2012,Clawson858@example.com
I7LA0,Neil,,Tommy741,Allison517@example.com
I7U37,Dejesus,Josef,Kyoko2013,LilliamPike@example.com
I8344,Ledesma,Corey,Andrea1980,AshleaCoons@example.com
I8G0K,Linares,Carson,Errol2010,Mathew.Acevedo@nowhere.com
I9584,Damron,Bennett,Sunny44,Manns9@example.com
I9L18,Moss,Cassaundra,Agustina1974,Ashlea_Frazier2@example.com
IGIOH,Brewster,Guillermo,Carey2008,Scottie.Bird@nowhere.com
IH143,Rizzo,Adolfo,Millard422,ajsndulb.drwmyfu@nowhere.com
IHWHR,Muller,,Anderson2013,BarneyLeon@example.com
IIHQ7,Noel,,Abigail1990,Acevedo@nowhere.com
IQ12N,Brunson,Wilber,Augustus1974,AdelaHollis@example.com
IQKUT,Houston,Royce,Bass787,MaynardVAngulo2@example.com
IR09U,Cunningham,Joleen,Alissa2023,AbdulHoward@nowhere.com
IRT0R,Rife,Aretha,Chastity1958,Berlin@example.com
ISOUM,Apodaca,Cris,Sharri4,DonnyAcevedo@example.com
ISX92,Ashford,Christal,Jewel1981,BessieWilkes@example.com
IT227,Breen,Kenneth,Enos2020,ompkedob08@example.com
IT2IX,Bryant,Aimee,Carola9,eqroae5122@nowhere.com
IVZ01,Hollins,Margert,Christenson112,Charles.Stephens987@nowhere.com
IYTUV,Day,,Cote2001,GilbertSaldana@nowhere.com
J07E9,Deluca,Charles,Cano562,jhvlg3@example.com
J33P7,Houck,Adolph,Abraham2004,Adah.Carbone@example.com
J49P6,Hogan,Travis,Goulet1,sbzdskg9570@example.com
J4Q3H,Vanhoose,Adolph,Emory2017,JorgensenR16@example.com
J4UK5,Curley,Lisha,Rowe3,Marrero@example.com
J675B,Dean,Rashad,Addie1968,gijbxcib3087@nowhere.com
J6M2F,Crump,Foster,Clarke2012,qovrahjn.qxuvl@example.com
JAJ6K,Sheehan,Abby,Ian463,Salome_Burgos@example.com
JBQ96,Galvin,,Angelo2015,Dowdy@example.com
JDN07,Hinkle,,Burt1988,EarleV3@example.com
JDX7M,Bray,Sheldon,Benjamin1976,Dwain.OAlcorn@example.com
JTSG8,Horne,Adaline,Lora695,enpjchsq.dgwni@nowhere.com
JV4BC,Dallas,,Alfred1963,Martinez@example.com
JZP86,Viera,Adam,Devin2000,LowellB_Bills789@nowhere.com
K06U0,Daily,Juan,Billy56,ltae3@nowhere.com
K1E9K,Rivers,Iraida,Johnie54,etorpkbc.vqcp@example.com
K3AP0,Burnside,Terisa,Ruben2025,Adella.Rayford@example.com
K4XFT,Vazquez,,Hilario8,Clayton.SAlonzo4@example.com
K594J,Fusco,Floyd,Colleen9,Newell@example.com
K5W43,Holcombe,Hyman,Vance639,SandlinN1@example.com
K6CE0,Ashley,Erich,Kassandra741,Nolen95@example.com
K7YZD,Simmons,Agustin,Carden1987,SheldonMata164@nowhere.com
KCAV5,Lemay,Dalila,Scott2009,vgdegm5288@example.com
KK254,Nobles,Numbers,Julian958,hlreh042@example.com
KK95R,Fraser,Dania,Adrian1966,Daniela.Abernathy@nowhere.com
KN016,Musgrove,Frankie,Branda2020,Akins332@nowhere.com
KP9EZ,Singletary,Andre,Dwain8,LanFreedman2@example.com
KQ878,Aldrich,,Abney1972,jaqtb080@example.com
KSM8I,Waggoner,Marcia,Scarlet9,Molina@example.com
KTX7F,Reed,Stewart,Santiago1996,BellamyP19@example.com
KV7F7,Brower,Harriet,Waldrop34,FlorencioW_Adler@example.com
KX018,Bruce,Elliott,Roselee879,djzv2328@example.com
KX862,Atkins,Barbie,Sudie1974,Lanny_Chism@nowhere.com
KZ5XT,Shipley,Un,Albert1985,LavondaC_Bond513@example.com
L0BW0,Augustine,Carol,Florentina767,Renata_Cromwell@example.com
L1GU4,Norris,Ada,August919,Caudill3@nowhere.com
L2SW6,Sherrod,,Putman2015,Reddick@example.com
L39H4,Houle,Domingo,Abbie68,FrancisGagne@example.com
L4I2P,Leary,Abe,Cherri264,Romero@example.com
L5K8S,Venegas,Fritz,Kiera1980,CecilX@example.com
L5Z92,Sharkey,Colby,Adolph368,SherikaAllison8@example.com
L6L5C,Rhea,Dexter,Oren1955,Kittie_Rubin2@nowhere.com
L7Z1D,Curry,Adaline,Arlene2006,Sweeney8@example.com
L8024,Nolan,,Abby2009,Ted_Blocker@example.com
L8WNX,Valentin,,Nestor656,Larue2@example.com
L92P7,Victor,Bud,Arnold1981,AndreaU_Barham@nowhere.com
L9NI5,Sledge,Dominick,Laraine1955,rlizdacd47@example.com
L9U5F,Gale,Albertina,Teodora381,Billy.Q.Upchurch@nowhere.com
LB354,Light,Gregoria,Agatha229,ChanellAckerman147@example.com
LC3PM,Holloman,Asha,Abby1994,Mccormack@nowhere.com
LC4UQ,Valenzuela,Jerry,Debroah8,AdahWashburn74@example.com
LDL5K,Antoine,Herschel,Azalee78,Teddy.Ocampo5@example.com
LGHB5,Hoffmann,Beatris,Brannon2004,Albers125@example.com
LH23B,Utley,Tameka,Adelia2003,Aguilera@example.com
LJ68R,Reich,Karyn,Deandre97,Richardson77@nowhere.com
LKHDB,Funderburk,Addie,Ornelas1951,Booth7@example.com
LLA0X,Reece,Alexandria,Hayward1998,KimberleeKhan5@example.com
LORI4,Rawlings,Lavonne,Sharita7,Bernal@example.com
LQ5L2,Neville,,Agatha2021,Ashley6@example.com
LSQTK,Nichols,Anna,Svetlana5,nvuz0@example.com
M0PC6,Freitas,Cordell,Lacie2024,Dwight_Fries32@example.com
M1VB1,Voss,Alix,Reggie134,Abraham6@nowhere.com
M1VC3,Nelson,Eddie,Tegan736,Arden.N_Boren231@example.com
M23E2,Culp,Eddie,Abbie1958,Wilde@example.com
M4873,Rhoades,Luigi,Adam1963,Kenny.XBoyer@example.com
M5396,Vetter,Lajuana,Alane1990,Marry.Beeler@example.com
M73FA,Atherton,Dylan,Ignacio26,ShirleeMathews@example.com
M7IBY,Naranjo,Charlie,Amos747,Garret_Abney@nowhere.com
M9G3L,Bruton,Paul,Thibodeau2016,NicholasJanssen@nowhere.com
MF0Z6,Musser,Wendi,Fredricka1955,Crespo@example.com
MF4FV,Burroughs,Maynard,Doreatha7,KenAlmanza@example.com
MJEL8,Alicea,Carrol,Jerrell5,Palmer3@example.com
MJVRP,Shin,,Farmer639,Abel.Wesley3@example.com
MKW9G,Tyson,Bari,Steven783,AndyPhelan@nowhere.com
MM86T,Hitchcock,,Abby7,Bohn@nowhere.com
MN209,Rasmussen,,Dane1987,MadalineGaines49@example.com
MQBUN,David,Adrian,Arnett2005,EustoliaAStinnett@nowhere.com
MR86X,Ricks,Kenneth,Alberto59,Bergeron6@example.com
MROV9,Allred,Antoine,Pickering12,Moreland@example.com
MV447,Gallardo,Monet,Antonia351,Anaya@example.com
MW8P5,Nickerson,Adaline,Willene2027,XavierCardenas@nowhere.com
N00TG,Lin,,Ferdinand2023,vurnzuml_coppswga@example.com
N02WY,Neumann,Nadia,Drucilla153,demto5@example.com
N0957,Murphy,Abdul,Akins339,Fryer@example.com
N2D0L,Gaines,Barry,Columbus2027,Bishop@nowhere.com
N334J,Mundy,Jenine,Efren1951,Chin@example.com
N348E,Holcomb,,Laflamme1958,Bone214@nowhere.com
N3N33,Mulligan,,Quinn1999,mnxhwmi532@example.com
N5047,Shumate,Evita,Doug991,Kinney6@example.com
N5KHW,Cutler,Johnetta,Angel1987,ymxvw4@example.com
N63Y5,Lemons,Shelton,Dorene1970,Jed_Powell98@example.com
N6XWC,Dalton,Odette,Frances56,Clara.RUrban@example.com
N96Q0,Holder,Melida,Jeff395,Buckner@example.com
NG7AN,Vance,Xochitl,Peter545,evra6807@example.com
NH4VS,Mullins,Alita,Rubin1961,Snyder@example.com
NJ3R6,Register,Parker,Alleen95,Fredrickson@example.com
NKFB8,Gagne,Miranda,Clarence383,Arsenault838@example.com
NL291,High,,Deandra688,Alexia.H_Mayhew72@example.com
NL8AO,Frederick,Carolee,Jerrold239,MarcHLindstrom@nowhere.com
NO6Z5,Bunn,Delicia,Galbraith524,BillieMason@nowhere.com
NPYQ9,Nava,Adam,Tipton1988,JamisonAHolguin52@nowhere.com
NS704,Reyna,Adah,Jess444,ozjeex7@example.com
NUO8W,Redding,Blaine,Alexis836,Demetrius_Gilchrist@nowhere.com
O0GN3,Lennon,Bertram,Shelly1998,Whitlock8@nowhere.com
O396N,Muse,,Akiko1954,Timmy.Medina829@example.com
O4P3U,Riddick,Gail,Alcorn66,Albrecht@nowhere.com
O7105,Francisco,Branda,Paul2013,jesv99@nowhere.com
O78AV,Reagan,,Baer466,tzelal8@example.com
O85M8,Slattery,,Sherman344,Hutton@example.com
OE61Q,Lindstrom,Ernie,Oakes1981,TuyetAlford@nowhere.com
OK8G6,Brittain,Deandrea,Conner2012,Barker@nowhere.com
OKP86,Gagnon,Jules,David1956,Francisco_Concepcion@example.com
ORRY7,Reinhardt,Ceola,Schrader1987,AldenCastellano6@nowhere.com
OS0BF,Walsh,Andrew,Jacquiline256,SlackN823@nowhere.com
OV25I,Delgado,Dallas,Armandina55,BonnerZ19@example.com
OYT16,Anglin,,Arlen2,Christopher@example.com
OZ4N9,Dawkins,Philomena,Antonio1997,sfsdhnjc04@example.com
P1XP9,Norfleet,Norman,Barbosa2006,Dewey@example.com
P3I14,Burkholder,Wilburn,Pasquale1971,Domenica_Casillas@nowhere.com
P48IU,Friedman,Humberto,Comstock162,Elizondo@example.com
P5FF7,Davies,Abraham,Bill773,DarioTabor659@nowhere.com
P5JYD,Nieves,,Sheron1950,Sousa113@example.com
P6P9G,Valdez,Siobhan,Chin27,LachelleEllison@example.com
P7073,Wallen,Kayce,Norris3,StuartAlcala3@nowhere.com
P70E1,Daigle,Abel,Berrios2010,Samira_Gaylord86@example.com
P774F,Holton,,Goldman732,DelbertRegan@nowhere.com
P7ER7,Bruner,,Margareta322,Headrick@nowhere.com
P8676,Frazer,Arnoldo,Castle839,HubertM_Arevalo@nowhere.com
P891J,Dangelo,Kortney,Heath1,Plunkett@example.com
P9DO9,Shephard,Dusti,Henson217,Adolph_FMadrigal@example.com
PH1G8,Dancy,Billy,Latrice975,Duran84@nowhere.com
PH8OP,Freed,Jeremy,Mcgrew2012,Florez@example.com
PHJR9,Burch,,Apodaca33,Benner@example.com
PJ6CV,Vines,Joseph,Christena1984,AbbottB171@example.com
PKK7Y,Alonzo,Mary,Ted53,Tawnya.Mcclintock@example.com
PL7X1,Hodgson,Albertina,Messina34,Thaddeus_Abney5@example.com
PN2Z5,Frank,,Caron652,Ollie.Duval813@example.com
PP7EE,Burge,Altagracia,Wilburn1963,Kirby_Kohler4@example.com
PRLW4,Broome,Prudence,Carla1989,GarthConaway@example.com
PY09G,Muniz,,Mariella5,djrjnndb_tiutnb@example.com
Q1265,Breeden,,Abraham22,RamonitaA_Harley849@example.com
Q1SZF,Fuqua,Kendall,Eusebio1967,Amaya835@example.com
Q201U,Galindo,Danilo,Archuleta1991,yydz8936@example.com
Q38DB,Alcala,Adan,Mcgehee2009,Buckley64@example.com
Q53G7,Darling,Domingo,Binkley538,Marva_Alvarado@example.com
Q5953,Brubaker,,Bruns84,hkxai4583@example.com
Q6ZIR,Andersen,Vikki,Phelps659,rebboou4396@example.com
Q7B33,Vandyke,Delmar,Scottie1973,dsbqzs375@example.com
Q8C2P,Walter,,Charles2003,BrunsonT@nowhere.com
Q941H,Hirsch,,Tressie15,Lamar1@nowhere.com
Q96ZG,Burk,Alvin,Forsyth612,Lusk436@example.com
Q997F,Linville,Cole,Jacklyn8,Lavigne@example.com
Q9IIW,Ashe,Maile,Karena1993,DolorisGriffiths@example.com
QD581,Frierson,Kristofer,Constance2002,TommyRodgers749@example.com
QEB30,Brockman,Nora,Alley57,Lorie.Acevedo954@example.com
QG1KR,Holliday,,Demetrius9,LoveF937@example.com
QHNSO,Mott,,Whitlow1992,Anton_Cupp3@nowhere.com
QNO98,Holm,Aleen,Kathryne291,Abbott@example.com
R087E,Bravo,Abdul,Akilah772,Everett_V_Anglin12@nowhere.com
R140B,Shah,,Freedman722,JeanelleAbernathy43@example.com
R1J3L,Applegate,Alejandro,Shena1,AckermanY76@example.com
R5653,Hoover,Addie,Woodbury574,Mcdermott@example.com
R8FLB,Hopper,Elissa,Mcmillen2005,ofvun9340@example.com
RFL73,Shackelford,Kerry,Damon6,Acker@example.com
RICD2,Deloach,Dakota,Easter1986,IvaV_Agnew299@example.com
RJ591,Newberry,Elinor,Putnam39,Aleen_Delossantos@example.com
RMF11,Sinclair,Bobby,Nevarez1986,Franklyn_Abel@nowhere.com
RQZNQ,Vera,Michal,Alphonse1969,Hull@example.com
RR6K5,Burgess,Donna,Ashley167,ydgv19@example.com
RV75S,Reilly,Kendrick,Meza2010,Benjamin3@example.com
RWVZN,Lee,Adam,Abby1975,NealY_Schubert@nowhere.com
RX5QV,Neel,Collin,Cristobal1962,mposbkd3@example.com
S0O7S,Andrade,Robyn,Allen1980,Ellison@nowhere.com
S1F80,Frame,Norman,Karr2014,AbrahamNHogg857@example.com
S27V8,Norwood,Clement,Franco568,Adolph_YBogan@example.com
S7P10,Richard,Marisa,Bergeron2025,XavierM_Landis62@example.com
S8KPJ,Franz,Bennett,Christie1996,MarisolT_Anglin887@nowhere.com
S91VB,Cummings,Sonia,Isela218,Abdul_Bello@nowhere.com
S9YE5,Decker,Melvin,Cato155,Seth_Broyles52@example.com
SA656,Leung,Adrian,Blair4,Dennison@nowhere.com
SB01S,Gamble,Kelvin,Janay87,Hollingsworth@example.com
SGS6N,Vargas,Jacques,Lafferty1988,Mckenna@nowhere.com
SNPWQ,Fulmer,Xenia,Leclair1997,Amaral48@example.com
SWWC8,Lessard,Marissa,Karon3,AdamBrowne362@nowhere.com
SXF2A,Amos,Hector,Era854,AckerO849@example.com
SXZY6,Vinson,Lisha,Earl2021,Darwin.OAbel654@example.com
SZ465,Atchison,Kevin,Katrina2008,StacyAbernathy7@example.com
T124N,Nguyen,,Gertha1989,Adolfo.Tibbetts@example.com
T433R,Holt,Patsy,Kasandra127,Jerald.ZTejeda59@nowhere.com
T5E14,Delagarza,Melvin,Ordonez418,mwld6434@example.com
T5G6A,Waite,,Darnell735,CampP@example.com
T6B16,Shoemaker,,Pringle1952,Asbury@example.com
T7CWK,Burks,Pat,Hiram1971,VitoAbrams@nowhere.com
T8A9I,Deleon,Rachelle,Clyde2013,Coons1@example.com
T8IXJ,Naquin,Demetrius,Belt2016,vxnrldif.henft@nowhere.com
TDB2T,Allen,Oliva,Norah2024,BradlyBurrows@nowhere.com
TE32L,Leonard,Russel,Jolynn2007,ejgqsbbe_flne@example.com
TFVJ8,Ammons,Luigi,Dannie135,Altman875@example.com
TK1TX,Hopson,Rob,Rhea96,Moriarty271@example.com
TV4EZ,Lister,Scot,Lakeisha781,ciczlaqc_damtfdjs@example.com
TYV0U,Vincent,Denis,Anibal1992,Alberta.Abel@example.com
U137N,Seymour,Reyes,Groce1,BennyAkins@nowhere.com
U2JSY,Shanks,Alesia,Ricks2014,Abbott66@nowhere.com
U3O56,Van,Gwen,Nan6,Poirier8@example.com
U4W88,Rector,Adan,Edmundo2018,Sung.Alicea692@nowhere.com
U56KW,Francis,Joana,Treasa498,Latricia.Peyton@nowhere.com
U7A39,Nadeau,Colby,Gilma2009,Tyner@example.com
U89EW,Lebron,Monroe,Kaci1952,AdellFiore@example.com
U968U,Atkinson,Sean,Clifford1967,DespinaB.Gagne@example.com
UA09T,Reno,Chasity,Robson218,Acker@example.com
UA2H6,Vasquez,Marshall,Andreas1963,Mclain@nowhere.com
UBX8Y,Daniel,Abraham,Walston2004,ixzeuomg7899@example.com
UDLJ0,Leyva,Fletcher,Anibal1964,vgqn33@nowhere.com
UET32,Noonan,Alfreda,Ambrose852,Ackerman48@nowhere.com
UK5V6,Delvalle,Christoper,Abel1979,HaroldShelby@example.com
UO45G,Urbina,Abbie,Gruber8,Taggart8@example.com
UTT2X,Nation,Luciana,Dusty628,Gregg@example.com
UVJQ8,Lefebvre,,Elroy647,stlqnnbq.tgfzmghql@example.com
UY3NP,Richardson,Percy,Wallace3,Steward458@example.com
UZF28,Alves,Otto,Abreu4,Burrow@example.com
V0EW0,Hope,Conrad,Zelma947,Whiting@example.com
V3D00,Brewer,Nelia,Temple1990,BernardoAdcock151@example.com
V58XX,Archibald,Norene,Abdul1961,Roby@nowhere.com
V6O2A,Ritter,Adah,Tereasa1987,Thomas_S.Knox@example.com
V7767,Valadez,Judie,Manning911,Adria.Andrus238@example.com
V7GV2,Brunner,Kali,Bentley799,AngelYeager44@nowhere.com
V9583,Vang,Adah,Rey812,Rutherford811@nowhere.com
VB6EF,Allan,Merle,Blair75,BartBuss3@example.com
VB8E6,Buchanan,,Ramirez2019,Asbury293@example.com
VC37H,Redden,Shad,Skidmore13,Abney@example.com
VF8C8,Freedman,,Nola895,Cheng@example.com
VL938,Roberson,Lonnie,Barrios739,Marin73@nowhere.com
VQRP4,Aleman,Kaitlyn,Ackerman1971,Sparkle.FEpperson114@nowhere.com
VR891,Lira,Celestine,Meza1975,GreggKoontz@example.com
VS4I2,Aldridge,Issac,Mauro2,Arroyo@example.com
VSG8X,Vanhorn,Catalina,Bobby1962,Sandoval@example.com
VV9T2,Seymore,,Racquel2027,Alarcon77@example.com
VX138,Gaddy,Alla,Frida1977,Samuel.Allan@nowhere.com
VX7AJ,Hinson,Chana,Blocker1953,Eunice.Shade@example.com
W03ZA,Levine,Ted,Abreu814,Carrion@example.com
W0L56,Varela,,Gustavo2012,Danica.Petty@nowhere.com
W229T,Walston,Roman,Blevins879,Shephard@example.com
W2JSO,Slagle,Kaycee,Darren6,JacquilineBoren@example.com
W3N6U,Frantz,Elanor,Daron5,Rouse24@example.com
W41LC,Delatorre,,Hollins146,Sams@example.com
W5178,Sheffield,Denisse,Rhiannon2014,Knudson@example.com
W55N1,Rees,Benito,Angel1951,Elene.Blanton@example.com
W71VA,Hornsby,Claudio,Aleta881,Singh@example.com
W820D,Anders,Dixie,Ivette729,DorotheaAhrens@example.com
W8MIX,Simons,Monroe,Adam1954,Jefferson@nowhere.com
W957A,Rinaldi,Lorenzo,Gaddis2,Marty.Singh73@example.com
WF33S,Broderick,Oscar,Tequila2002,Abraham@example.com
WIPL3,Nettles,Diane,Regena1970,Abel51@example.com
WL716,Villasenor,,Ellamae491,Pasty_Amaya61@example.com
WTL90,Lindquist,Kristian,Mabry1971,BradyBarden275@example.com
WZ5Q1,Ledford,Reid,Hankins2003,fscuct6724@nowhere.com
X1W64,Sisco,Misha,Adelaida364,kmbww96@example.com
X36UR,Locklear,Johnny,Veta569,Yancey8@nowhere.com
X37WS,Rivera,Jamal,Simon2004,Horn@nowhere.com
X43KE,Howard,Patrice,Virgil546,sbbdrdvq.qhkbloxa@example.com
X69WD,Navarro,Johnny,Mac1953,HammettB42@example.com
X868E,Walls,Twana,Tajuana8,Copley@example.com
X9IXW,Sloan,Milan,Gregory1955,Hartman@example.com
XET0M,Alger,Nicholas,Page1963,Buckley@nowhere.com
XQ3L8,Nowak,Ardelia,Alecia261,Herring5@example.com
XQTHH,Shinn,Adah,Dodd2009,idiokzhr.ujqsg@nowhere.com
XS3VS,Hills,Leanora,Hugh2027,Blum97@nowhere.com
XSJX7,Aquino,Rudolf,Marilyn2027,Edmundo.Chow@nowhere.com
XZH52,Murray,,Napoleon1952,AdaStrickland@nowhere.com
Y0TQM,Slater,Duane,Whelan496,WillyD.Stanton881@example.com
Y0VRZ,Hooker,Alexandria,Dan2014,WildaMunoz9@nowhere.com
Y1878,Alford,Boyce,Cotter62,Ahrens@nowhere.com
Y29T8,Howerton,Ellen,Antwan5,Oliva@nowhere.com
Y4Q5X,Hough,,Ray2001,NieshaAbel448@example.com
Y4V94,Hoffman,Alfonzo,Timothy578,Quick54@nowhere.com
Y5364,Nicholson,Ada,Quarles1957,Michel.Baum@example.com
Y5N4X,Sibley,,Monet5,Cecily.MOlivas724@example.com
Y5O09,Sigler,Adalberto,Armand818,Manzo@example.com
Y79PI,Deal,Caryl,Khalilah2016,Callender88@example.com
Y9P0W,Broussard,,Addie41,Freddy.Leung8@nowhere.com
YA992,Hodges,Laurine,Wilfredo2028,Garfield_RSilverman@example.com
YFD69,Valencia,Willy,Cleveland2005,RashidaE.Perkins98@example.com
YNL4C,Ratcliff,Mitchel,Antoine2016,Galloway94@nowhere.com
YPNSM,Limon,Calvin,Abram834,Hutcheson@example.com
YQV3Z,Buford,Carey,Thorton61,Thorpe46@example.com
YRRNY,French,Adalberto,Gass71,Abe.Cornelius99@example.com
YUQ5Z,Brinkman,Francesco,Curtis197,Comer@nowhere.com
YX8L6,Shea,,Chelsie2005,Raynor@example.com
YZ3QH,Dawson,Bonny,Anthony2010,Beals@example.com
Z0E81,Wadsworth,Cleveland,Ester2003,Robb@example.com
Z0JAI,Leblanc,Gerald,Raisa1996,SabraBrower@example.com
Z26CZ,Hogue,Francine,Benjamin84,RebekahQ_Abrams@example.com
Z3659,Albert,Charmaine,Emelda2017,GabrielS.Handy@nowhere.com
Z3CF3,Cupp,Orval,Dan2015,Beals593@nowhere.com
Z6SOD,Howe,,Elenora2018,Dunne@example.com
Z81VM,Hill,,Beckie1976,CharmainTerrell21@example.com
ZA1H6,Mueller,Annamaria,Flynn1980,DorseyJorgenson789@example.com
ZBF7E,Razo,Jarrod,Anton64,ToroH6@example.com
ZH386,Cuellar,Gary,Nava1960,wmuylpgp.iidavum@example.com
ZJ43T,Sims,Dong,Genia2013,SherrellEspino@example.com
ZJX96,Hooper,Kermit,Alexis7,Rosemarie.Lim7@nowhere.com
ZLX5E,Fredericks,Luisa,Sellers2,AdrianneAugust@example.com
ZM502,Broyles,Adam,Major53,yuiz8@example.com
ZQ0F3,Brogan,Abigail,Akiko142,jwped9078@example.com
ZR78U,Broughton,Adalberto,Bill1986,Paola.Hooper@example.com
ZSR73,Silvia,Jed,Jeffrey586,Sampson746@nowhere.com
ZSZV7,Mowery,Twanna,Gaylord818,Margarette.Mclain@example.com
ZTDPB,Demers,Arron,Magee3,Fryer56@example.com
ZUJ4S,Browder,Johana,Amira6,Ackerman@nowhere.com
ZV16A,Cruz,Zane,Laine2013,Camacho@example.com
