"000L7
",gbzpyugxpkb,810,97525,Abbeville,VR891
"000NS
",qrefsw,968,43716,Beacon,9CZ0P
"00152
",fkydhmis,13,91178,Dunlap,T433R
"004WQ
",hoanydgzhybuvw,670,15087,Owasso,L5Z92
"00639
",jezwlppjx,348,52737,Santa Fe,39KLW
"00EN2
",isieqbjyekuzn,54,29958,Guymon,AD885
"00L6T
",pzmnmxp,204,28069,Pleasant Hill,0N61N
"00NVJ
",hdiktzak,386,65978,Gardena,320B7
"018AH
",blantbfv,78,93862,Northampton,L1GU4
"01H05
",oyizcicpgnt,572,80671,Aberdeen,4V587
"01MFZ
",gszalb,843,16982,Midfield,Z0JAI
"01QNK
",aiwsrglmdpen,574,37847,Hornell,V0EW0
"02U42
",fzhbf,502,94285,Amsterdam,PH1G8
"030Y5
",sfieze,992,97317,Taylor,
"03DNI
",jzmvukjkwcvdzd,709,94657,Cartersville,CLUVF
"04101
",ruleliefpnxmzvf,925,16293,Little Falls,UZF28
"0435B
",fomuwwinho,925,33031,Cherryville,580Q0
"04WP7
",zocvvxqfcp,791,77833,Booneville,
"05ATM
",ycbeqqaynzmkffj,539,71020,Pleasant Hill,074V7
"05S4E
",lwlxi,853,93479,Eloy,Q997F
"0605M
",ugfpqjygredsklf,658,32954,West Plains,S91VB
"06822
",ywxkxblyulvgbj,25,84152,McFarland,8203X
"06C6I
",ttaseayiyedgyi,467,30552,Long View,19D64
"06L98
",psjlaspgmv,860,10667,Wildwood,BBL0C
"078R9
",chkzsd,398,07921,Surfside Beach,7AH5U
"08MYD
",xdvvvopwaij,558,72020,Sunny Isles Beach,0P390
"097I9
",ebllthdczcycu,502,50708,Richmond,5N8TN
"09N40
",kvtdg,10,22511,DeWitt,NS704
"0A064
",gmreiugq,705,95518,Mount Vernon,54NU3
"0AX77
",sunzz,86,88092,South Bay,08W95
"0BPMR
",jhwfzzuxjf,55,05705,Gulfport,D09Q8
"0C57P
",ptvdupgd,631,80990,Hartford,
"0CNRW
",buzorgfc,375,49803,Ardmore,7KT6K
"0D477
",fkvaankg,533,66913,Hazlehurst,0LR92
"0ELX7
",qfwll,795,68051,Aberdeen,NKFB8
"0F4LC
",absiujmfgegljq,3,04087,Eastman,0GX76
"0FRLB
",ifjgijornyhi,368,34476,Thatcher,8F9OR
"0G628
",yapeesfjqpc,650,27992,Forest Lake,
"0H78O
",itpkf,550,53824,Trenton,CC5YP
"0HBB7
",cvqkcdqfaci,758,71453,Allendale,G611R
"0IA28
",nbpibi,243,54585,Citrus Heights,49SZH
"0K549
",vofhwkfromizu,221,78414,Danville,SXZY6
"0L72S
",pbwfnaftyw,72,40582,Sanger,IT227
"0P7U1
",aqniimp,539,29325,Sunset,
"0QE3D
",ofvfah,820,50071,Newark,
"0QL41
",rayiboghnemw,2,91213,Norwalk,V6O2A
"0R5DD
",fmfaijyy,224,69035,Shorewood,
"0S672
",olcsrqpkzehc,533,92881,Alexander City,6JZ4X
"0U670
",coaynjhwylbob,15,69778,Temecula,
"0VJ84
",tyaegghrxaecd,155,77256,Brooklyn Park,GZIYR
"0VS7R
",akyugcaddabcgx,710,98552,Boonton,4XG9A
"0X2C5
",tkavejlajniteb,694,26445,Jackson,F75G5
"0ZJ4L
",mhjxcpwph,806,06787,Abbeville,EN29C
"100O2
",tjseai,490,96079,Wendell,
"10J1V
",dhbkqk,291,13289,Fort Atkinson,L4I2P
"11KTA
",opqbqhxzu,528,04725,Whitefish,6NF8O
"123TO
",wskehgomyr,234,28965,Jerseyville,9JXDT
"124FN
",bzopbvighzmjf,732,99410,Braselton,AYYOI
"129SG
",jaoxjzwfujvjym,722,85091,Kaser,7Z02U
"12AG5
",oelswnhram,176,79373,Warren,70735
"12I60
",htanictj,724,26575,Walnut,E5V30
"135P6
",vsdwavlq,407,32574,Alfred,6347U
"13T58
",lxhmu,9,32169,Aberdeen,BXM82
"150J5
",aafhpydwixaase,900,18694,Aberdeen,
"15635
",bzljchehcv,408,40445,Los Angeles,B794T
"1625S
",rfqiwbcevrw,2,88097,Oceanport,W820D
"163DU
",vrxytfbqiqi,269,60287,Arlington,5Z8HY
"16FQE
",yuugicispmxh,9,59160,Angola,
"16J3H
",ualsqdhz,677,71994,Island Lake,WL716
"16N6F
",wfxyayfpgc,430,33008,Booneville,LB354
"16Y6U
",nltalagio,634,00119,Flower Mound,54AOF
"1714C
",tknzvgvlutgnc,106,36657,Black Jack,6KV07
"17688
",molpx,575,22148,Cleburne,357RR
"17QBI
",mshzofkyklzezh,635,39548,Johnston,EM8C2
"1937D
",guofdtfyfuakv,829,57625,Chester,14P9E
"19BHG
",vdcmyy,318,84420,Absecon,5Y552
"19IE1
",eptrw,224,34364,Boulder,
"19LWC
",abqridm,791,93609,Chico,2UOMG
"1BSCQ
",smqqsf,294,17129,Aberdeen,0518T
"1CY85
",qagcfaspxifmbar,777,37544,Norwood,IR09U
"1DCX2
",agtrtkikqd,65,13301,Gilmer,PHJR9
"1F57V
",mansmnrhu,448,67493,Scottsburg,Q997F
"1G3ZK
",makoppjruzf,296,18868,Newton,HR234
"1K7S3
",tvzhhjlg,787,94495,Pratt,2CATV
"1M479
",wsmtojxtpsvi,60,09209,Big Stone Gap,G5473
"1MW61
",zsjblc,11,73924,Morrow,BJ1ZC
"1P8V9
",bvjldtykli,254,08845,Loganville,B0CHP
"1SBB0
",fphbsffxfaewtpf,193,04855,Anaconda,1515Q
"1SL4S
",cuqdz,993,44711,Hazleton,BY07U
"1T23P
",gdcsc,97,76826,Fridley,9S9S2
"1T5XL
",sqrggoaibhcjb,124,36667,Buffalo,4CKRZ
"1U9YY
",bxodlznaxq,998,43591,Brownwood,A0926
"1UQY0
",kdboqcsye,705,43303,Freeburg,TYV0U
"1Z2M0
",bepzs,3,46768,Atoka,51Z4M
"1Z680
",humjlxnxzjgte,357,34448,Benton,
"201V4
",zazxxhebcuaqlm,311,57254,Davis,39KLW
"204J4
",aohdsl,783,47770,Zion,3V656
"213S3
",cuooj,542,94684,Algonac,66BBC
"215V2
",wcumwdcjvybsqef,41,33025,Northport,F9L3N
"224I5
",feziimngozdxetf,769,23658,Lilburn,308X3
"2267K
",xogea,128,06379,Patterson,5KUF6
"23001
",oetxhjailj,767,03635,Amityville,65144
"23333
",wkomnxczccycb,5,56283,Chisholm,P6P9G
"2336F
",phqwicjo,135,75717,Warren,DALM5
"244B7
",kvxhnizili,0,95587,Central City,221F2
"24CQ3
",trhqlxdjmc,675,42402,Grand Blanc,TV4EZ
"25074
",avuzwirehpj,362,71460,Hollidaysburg,ZQ0F3
"25ZI6
",vrlgbbfmmjnuwb,28,61651,Albany,6347U
"2669E
",fjiaegnivkqgbbd,330,13153,Beacon,12H6V
"276A8
",ykagqxbi,5,42221,Derby,5811Z
"27CBF
",pcnfymzuclfdpu,189,26992,Vienna,7W7T5
"2807B
",pafygxqzbpzvwb,329,87533,Cedar Rapids,29840
"28J32
",pjfalckjsybl,541,46872,Rochester,6NZ98
"28V56
",uwyjwdfbjwt,166,75809,Ojai,
"293RH
",fimiaf,99,25811,Troy,202E5
"294KK
",zgjvbfr,639,17622,Cold Spring,39KLW
"2969H
",oebcimucngs,684,38133,Palmyra,P9DO9
"2993C
",ncnbvwjqljfgnj,58,09768,Aberdeen,Z3659
"2997A
",wbwlotfudhmxxwv,4,42872,Abilene,442AE
"29F57
",igiujrust,862,02059,Wickenburg,H1QB5
"29Y7I
",mukmtm,402,14457,LaFayette,K3AP0
"2AU96
",pfjmd,343,81762,South Pasadena,597W4
"2BT67
",pifwbib,1,63879,North Braddock,59CH3
"2C2Q9
",hgmbn,8,02110,Adamsville,JBQ96
"2C434
",aoybrgmsvkfwbs,35,70894,Port Orchard,LSQTK
"2FGQ8
",taimb,418,35552,Seneca,KCAV5
"2G0AX
",zqtzunzgior,349,02411,Mound,C3992
"2GU54
",jddnfrky,506,09084,Bristol,0A0JS
"2I85W
",hgmbiaaiaon,975,88012,Coffeyville,
"2I8F0
",fhlrtxaozvew,93,51590,Storm Lake,K06U0
"2KEU0
",mhsivtdacuaplu,608,51582,McComb,IIHQ7
"2L2PR
",dbjozsgkgl,665,58933,Chippewa Falls,L39H4
"2LD22
",dfeqqroa,45,99790,Marion,
"2LW6Z
",aqgcmuvhagohfd,113,50105,Albuquerque,7Z02U
"2MK39
",qejeksk,691,23286,Abbeville,M7IBY
"2N5RZ
",hpwqy,209,58499,Willard,YPNSM
"2NGK5
",icjvpppw,59,31765,Athens,8G0F4
"2O97J
",zssqyqcnn,670,24203,Sterling,AU3H0
"2P9A4
",gztnd,780,44648,Dodge City,6THR6
"2RO8G
",syrvfrioeozhspv,585,56189,Mount Holly,Y4V94
"2SWI4
",ezykgicfazh,391,34092,Aberdeen,TK1TX
"2X58P
",aqxwgxecabu,111,31958,Corpus Christi,YZ3QH
"2X7H5
",bcpaerckfnuv,400,48936,Summerville,W820D
"2XD04
",qvxbgbiytf,68,57330,Troy,701B3
"2Y125
",eyktlezac,203,18307,Glendora,953T4
"2Z95P
",ctbmmrujvn,390,62913,Middletown,5PZBG
"2ZMKL
",fyvihfigcmkmaqh,139,98003,Norcross,5W741
"3054L
",uuubyjxmjwkgz,367,35667,Williamsburg,
"311K7
",itfwhmsuw,173,72205,Malden,78WZT
"31A2W
",hepfvgpdzukeqhv,9,42890,Tillamook,8U7ND
"322WI
",uivjixwu,280,82262,Hoquiam,IR09U
"32T81
",kplqqdvyynids,684,56772,Carthage,
"3310J
",skywpgqepdy,318,17027,Abbeville,08BO2
"335HZ
",cxcxxhlznjmvs,72,59567,Scottsdale,M7IBY
"33L53
",ttimgjf,355,17821,Bunkie,SGS6N
"3416N
",kksipthgs,659,70545,Corry,I6S35
"3428E
",kjzck,1,90216,Rexburg,
"34K50
",byfnpjn,660,10261,Wiggins,49SZH
"34UFL
",eocmdhmqmi,269,90998,Fontana,FXCK6
"354RK
",hbsszzzi,0,70680,Abbeville,H64G4
"3572T
",zcufyl,564,42301,Mesquite,0LNE5
"357NV
",cwdycgbvxhauau,3,63560,Lampasas,W229T
"358OJ
",sudlbze,809,19366,Altoona,X43KE
"35O68
",ksissfovrmjlhct,349,52710,Bangor,
"3607B
",sidtku,15,42831,Salem,1W2Y9
"36325
",mqisotvvp,278,29416,Venice,5ICBM
"3732F
",adylqelzvf,140,02177,Kalispell,221F2
"3880H
",xhecsvdn,340,64999,London,1Z4C9
"38922
",hcsaykf,406,67293,Portsmouth,76S1C
"38R2N
",qjqjdsbqonveb,391,11727,Aberdeen,
"38S6G
",fxmnmxnihttfpf,152,61766,Huntington,N02WY
"3961Y
",ispjllir,993,33045,White Oak,ZH386
"3996R
",kbreyqucnfu,97,27512,Bay Harbor Islands,649S7
"3B6FK
",kujkfszfwji,12,03360,Alamosa,2LU09
"3C60F
",ihfapajg,93,69015,Antigo,P7073
"3DC28
",ntrat,806,38081,Lenexa,FIK33
"3DLPI
",npugteqw,851,82292,Little Falls,6RBI1
"3G072
",ldqpxjwuzcjcl,8,33068,Plymouth,446BD
"3HQL4
",zaiedtjbeb,142,89721,Charleston,5MK9Y
"3IL5O
",muaipxfp,676,93057,Grapevine,
"3J2LJ
",kvjgfvhtbpa,935,21691,Alice,W820D
"3JW9E
",qswhwurtynavx,861,72188,Yreka,42199
"3K55X
",krlwblczugeyocv,471,12132,Klamath Falls,1M082
"3N13K
",gfqvjil,458,51052,Junction City,06Q6N
"3N2D1
",gzyecekidxzvkc,572,15012,Apopka,30R42
"3PLW1
",fksomzepb,414,88863,South Plainfield,Q9IIW
"3T57D
",npidxorejhg,6,20246,Bay Village,
"3TJC0
",lsnkfdjkiuri,6,00939,Somerville,76S1C
"3U0QW
",zeaxuhzwjezm,819,32426,Lebanon,ZTDPB
"3U9L2
",hjgywzmr,345,98527,Long Beach,0IGN4
"3UFFQ
",bumibbfitdrsda,31,15265,Shamokin,Q997F
"3V18M
",dyalgu,858,31358,Alma,0GR5M
"3WEM4
",rymdppfd,391,07912,Burton,2P3FG
"3Y9O0
",logxsenauvylc,55,89206,Bellefontaine Neighbors,U89EW
"3YW2L
",pvahzaqu,25,68420,Blue Springs,QD581
"3ZCV8
",udujk,728,63985,South Beloit,M1VC3
"40AMM
",ywnto,881,57644,Grove City,446BD
"40Y24
",zkvfdzdfglf,74,59764,Flower Mound,8O831
"4157P
",mrgrzjme,218,59220,Sykesville,
"41853
",yjktazucofoqken,983,54840,Richton Park,722W3
"41AGN
",fvrqj,153,12001,Punxsutawney,8O831
"41CJK
",ysipdz,674,32390,Manville,1YX9R
"41QY7
",kofygyxywdrlgr,104,91144,Abilene,F1551
"41TZT
",udjxfkwzirjm,19,35316,Tega Cay,ZJX96
"4201M
",rgvqy,998,77855,Beaumont,6THR6
"42XH8
",mrtnre,432,88772,Oneonta,4MY80
"431P1
",jwofen,409,57268,Eldridge,5IBZ6
"43ZDL
",zdujxziagvi,798,51449,Minneapolis,7J045
"449D5
",gqouhifvytpgiwt,823,40220,Media,78840
"44PX5
",xdkuoaowz,64,71857,Danbury,7KT6K
"4507H
",freafifpcrbd,284,80901,Swarthmore,RX5QV
"453KB
",jaijrnz,8,13957,Batesburg-Leesville,HZNS4
"453OM
",kcczji,629,89762,Aberdeen,LDL5K
"456A7
",vnanjqaai,39,86049,Rittman,B8KBI
"456ZH
",ixitzsmnfbjv,47,23545,Oakwood,GM39E
"45SR2
",vlbufregntzee,888,35202,Summit,M1VB1
"46238
",eptaiq,569,50796,Mountainside,31F8E
"474YW
",aaolbuqvr,938,40048,Ossining,426C2
"47WY4
",fbnebpjs,715,40204,Fairfax,N0957
"48M20
",msbadvff,437,81980,Brookfield,074V7
"48VA0
",irfwjtlvdndvfzf,211,25593,Painesville,
"48YT7
",jgwvrd,918,40426,Abbeville,2LU09
"48Z60
",quyyzuq,459,82919,Lima,P5JYD
"4AM7N
",pcrjdg,605,36958,Calimesa,K06U0
"4B2K6
",fakevxsyrvppyhr,3,65595,Lexington,133P5
"4CFW7
",lubck,90,32742,Pensacola,46RX3
"4CVV1
",excgurbdn,841,14534,Pasco,43VEG
"4DS6I
",ixgfhmv,149,31801,Batesville,IT227
"4F062
",bezdjgnd,647,81100,North Logan,L1GU4
"4FG9M
",uurlx,457,61170,Princeton,BLJQ7
"4HGQU
",tulemazlioisivc,948,47674,Independence,55O6N
"4JWU0
",azoclvy,77,99291,Homewood,7O0X7
"4K65Z
",geikx,175,89949,Aberdeen,46570
"4K9S9
",eppau,703,37180,Abbeville,68X66
"4KIUJ
",nqellbeuvs,895,72856,Hereford,2P41F
"4L40M
",tvitfa,264,35626,Covington,7JI98
"4M3PW
",zteokpsb,559,91192,Totowa,7S0W5
"4N1RE
",wfcjobl,175,08422,Aberdeen,2FBDI
"4N6G9
",zqezkg,564,64087,Hazelwood,47947
"4N87K
",hqbzothmhsesda,711,48971,Lodi,4T9C2
"4O7V3
",lutoa,643,27480,Aberdeen,221F2
"4PPMG
",kscvhg,630,59058,Palmdale,PP7EE
"4Q6Z4
",pnecwhkdua,283,22295,Forest Lake,69BZ0
"4T841
",bfadogc,632,58882,Albuquerque,31260
"4TD1Z
",gpjroavoiubo,258,88740,Los Lunas,NS704
"4TZX7
",evxdlazhecjl,943,66436,Pocahontas,UBX8Y
"4VH4L
",ereakvwxddgb,749,23296,Liberty,T433R
"4W3G7
",vmjbjptdfz,682,71586,Perry,BBL0C
"4W435
",qaevfdovx,786,26298,Aberdeen,T124N
"4WJ5N
",qbsvdn,183,13158,Oceanside,SXZY6
"4Y408
",fywwxxjcsg,285,12835,Lewistown,61215
"4Z7O8
",bjihami,147,57590,Zephyrhills,5IBZ6
"509T9
",rnnpltobgrhwxrz,651,40906,Jacinto City,K1E9K
"50RGW
",dmjxifudejft,396,51339,Richmond Heights,07BQJ
"516P3
",hjeupw,294,93186,Watseka,05P5B
"51870
",rejvxjcifidury,661,91795,Moraine,
"519OS
",qzdqefjsd,987,76248,Bessemer,WIPL3
"53908
",btpwlbvoi,688,53689,Port St. Lucie,H67O3
"53AP6
",sffjqezrytkb,339,46037,Sugar Land,09Q4S
"53HTW
",miuzm,6,43659,Marco Island,6347U
"53N4Q
",jkalkbdrld,336,06572,Jackson,X9IXW
"53T9Y
",mttkurbzlcjolzj,432,02845,Lake City,P8676
"54WQI
",buyhs,548,79154,King,1573Z
"56CS7
",bezbluiialpo,37,42309,Eureka,
"56E9P
",vajvqkwcqcbmg,88,93777,Valdese,
"56H30
",acphnbfbcbdfbp,852,02312,Chesapeake,
"574E3
",mvlyczpnrz,926,04348,Melrose Park,VSG8X
"5785Y
",yaldq,945,33418,Alexander City,8FI46
"57C14
",ajuoil,485,27133,Canal Winchester,980X8
"58057
",ivpfkvlpfvfbklk,254,02287,West Jordan,62T9B
"59TT5
",gfnwikuc,478,69662,Miami Lakes,6L1H1
"5A8ER
",oevbynblcr,936,11900,Toccoa,3234K
"5B59Z
",xkliruljilukem,33,96308,Wapato,GFK67
"5BWCT
",nxqfjxbgescdsq,553,68043,North Wildwood,326XI
"5BZPE
",bvjjjnewhqfyvk,871,61427,Warner Robins,14LCP
"5C2O2
",lgbdkpchem,88,58518,Aberdeen,KP9EZ
"5D49K
",qbwwjmaqcxpu,50,11912,Reno,28Z62
"5EMO3
",ajzincwpfjgog,5,07708,Carrizo Springs,PL7X1
"5G03V
",qrhjucrr,438,23648,Bristow,014U5
"5HWL5
",vjmibtnndjtvmko,719,12916,Aberdeen,6H47P
"5I43X
",zsxhwevgqwhzg,458,19389,Metropolis,F5B16
"5JO13
",wjrify,399,86025,Tecumseh,9S33A
"5ME40
",xtzpacthgqeeutz,147,86580,Allen Park,L4I2P
"5MZEU
",akxfg,848,97154,Barnesville,1YX9R
"5P184
",dpdyilbovrsx,222,73819,Ludington,S9YE5
"5QBGM
",oitwobzxdwkubh,60,97887,Prichard,E3B4E
"5R3CR
",rwyai,999,68466,Alachua,L0BW0
"5RFW5
",wfftzzeihpdl,469,59390,Portsmouth,IH143
"5SW9Q
",luwuvizj,3,30922,Byron,3D524
"5T2X0
",tsipzspamdjq,83,80197,Arden Hills,12F04
"5T43N
",iohjiyvhwbjqgfr,362,27752,Lewistown,I2EPG
"5TE5O
",evwqudkteucyzh,818,13122,Burkburnett,S7P10
"5TM5S
",dfcshkeubi,416,27033,Wilson,1BR00
"5U000
",pcoahldlfics,556,70568,Mount Vernon,S7P10
"5V1H8
",vanhuxoi,48,73545,Aberdeen,3D524
"5W53P
",ohauzbpmjfoy,78,39541,Albany,6Y339
"5X164
",chjbpuszkeapjr,981,77263,Bessemer,3K3GY
"5XL87
",epasxpbxdtdzusi,984,03443,Lindenhurst,
"5XP35
",rwywop,590,92548,Alamo,7PF2F
"5Y3YO
",nvrlgsfhcywc,272,69020,Ozark,E01ZH
"5ZJ9T
",emkspaqtuf,183,37904,Medina,KK95R
"60455
",tbunzfobczbtfl,4,96561,Alva,RMF11
"60QQH
",idtlyv,869,88033,Morris Plains,HL6B0
"60WNW
",uhexcghfqyuwmxj,746,47360,Gastonia,D134N
"6104Q
",nxyzwwxwogg,747,93052,Franklin,E4ECP
"62IL4
",mmiqkxltkrxpc,38,13042,Solvay,1V74O
"64PY8
",hxgrjiihbcluz,369,87519,Saratoga Springs,BE5AC
"64R7X
",kmvwfhzzr,139,78091,Abilene,40MQ1
"64U2R
",hyjoyifbgfblh,791,83865,Payette,ZJ43T
"655DD
",wbyohpmdjzlgufe,9,28327,Altoona,
"65E8H
",snyjyjceydjdju,797,48085,Bethlehem,I589C
"65YXR
",clsuzfjyxtfajlz,403,46029,Margate City,I5049
"674AK
",ewcgeuglicnf,379,24074,Alexandria,8YW08
"67508
",ukxllmbiyrg,93,93353,Baldwin City,45C0I
"6751V
",spdllnxi,284,61827,Kendallville,5H8P5
"67B38
",zomwxxaubgmcsdf,848,67340,Shillington,1YM4Z
"67D0Y
",ktashhaofi,9,33674,Cabot,LC4UQ
"67MHS
",zlfbxguivkniki,89,73934,New Holland,Z6SOD
"67U2J
",ykwzdua,279,97663,Ramsey,4JCI9
"68019
",fhajjxdi,622,40140,Los Lunas,C14UE
"68WD6
",uimnmsixiug,681,64084,Abilene,305SO
"693YZ
",zejuztlnx,98,27633,Butler,P1XP9
"6968E
",sotgkqcqu,748,64716,Kalamazoo,I24BE
"6CL72
",kvbbyvc,788,97186,Hazel Crest,9S33A
"6CL9M
",dherlua,323,36312,Troy,89O55
"6CP66
",rsiuewmeojohg,6,15329,Grove City,289R9
"6EF3M
",kcwnwfqngkgbtdb,993,68355,Union,AUFX5
"6ISGD
",fmbur,46,42245,Aberdeen,V7GV2
"6KKJF
",pitmhhk,811,99868,Bexley,Z0JAI
"6LDK6
",hmvmurhjaeqpjk,946,31145,Lake Zurich,OV25I
"6M571
",ufibur,510,20366,Ocean Springs,U7A39
"6M5UQ
",txxnoasfkvh,194,43104,Willowick,39KLW
"6P167
",scnphwnbfppd,6,06818,Decatur,RJ591
"6Q01J
",mbucznitunejgdv,888,71765,Iowa Falls,2GU34
"6S483
",hqnspcjgeouh,725,86774,Dalhart,J07E9
"6T129
",exigewy,676,92606,Bentonville,4F95G
"6TCXC
",iibxkrzyada,14,54727,Colona,4M40X
"6U4GP
",omawacdr,1,15168,South Holland,H3E77
"6URQ3
",avgucstszu,259,20569,Perth Amboy,5DT4I
"6XGVF
",nhxbwr,235,34221,Lake Alfred,5EI91
"6Y464
",inesnntgrcnr,997,40838,Buena Park,014U5
"702AO
",eovdyuqxnfmaphw,1,43105,Lake Bluff,3R404
"70V6B
",djshofmubikihnh,939,00132,Newberry,311OA
"70W34
",jcbxsyj,12,89498,Park City,AUFX5
"71045
",rlcblo,640,03857,Levelland,L0BW0
"71AOT
",oijwghbzqdjtjrh,805,33945,DeForest,5ICBM
"7254M
",hvtrazdygyfex,152,58068,Cooper City,5W1S9
"7261H
",irizulsocwuk,58,10732,Stanwood,76SR6
"727AQ
",ecixgmwsguf,822,04109,Newport,94A9W
"72HUN
",pjesro,702,27229,Birdsboro,
"72XX8
",apcufzmtbuq,435,22876,East Providence,ABWQT
"756KC
",kcedtj,775,01626,Mountain Grove,P5JYD
"7575P
",wqgkouiwypt,311,35042,Aberdeen,WIPL3
"75D74
",uubpjqfsc,499,24863,Madison Heights,2MJ8P
"75NYY
",adbqkuufyyj,425,32345,Altoona,I589C
"7601I
",ruxvioqyaewjvov,684,20388,Coral Springs,WIPL3
"7688H
",xdqolwquvkmng,300,27033,Pinole,6UUP5
"768RH
",kwfdipzvfxwtd,482,54558,St. Louis Park,U2JSY
"76ZMO
",qtqshz,475,62211,Vandalia,
"77308
",yhsqufaxbzkvqyc,57,99014,Attleboro,LQ5L2
"77EH6
",lpdaziha,864,70553,Lockport,F0X03
"77N22
",ycffd,77,43599,Shelby,LGHB5
"77QRP
",sybjagdo,662,54472,Beaverton,21W41
"77W29
",khpndchqreu,322,89515,El Campo,SXZY6
"78B35
",efhmqcfizh,8,21877,St. Albans,188K0
"79027
",xghyhjcmcds,412,92129,Aberdeen,5B2A1
"79299
",kdycbzp,1,75331,Richmond,CYSQS
"79H6J
",ggpakiyd,244,82350,Pepper Pike,I5049
"7A80F
",dhwod,810,01560,La Grande,DN6M3
"7AQ8H
",vrcnbzfrh,364,47381,Scottdale,HY9ZS
"7B6U4
",kvyzvm,902,63140,Alma,33IZ8
"7C0LW
",fcftgcvvfbwe,253,23688,Euless,2MR5H
"7CO03
",lojgyxho,367,55395,Abilene,
"7D0TY
",wefzjtswsmjvvim,59,59039,La Verne,BY07U
"7D8UT
",mddeus,99,58345,Beaver Falls,1BR00
"7DAR4
",paylvaxzi,120,67158,Lebanon,72Q6E
"7EZ01
",qbidgq,415,64245,Hinsdale,V7767
"7F3NL
",rgwhpkkzwgow,19,41126,Clinton,L8WNX
"7FWDF
",htfev,488,42424,Shelby,7O19F
"7J061
",ooqpfqsyhlr,977,21813,Campbell,D134N
"7L687
",sztkdczbnkybvs,11,93574,Colton,Q38DB
"7OT9K
",sucrzevfenzr,243,85977,Edenton,5GNZ2
"7P143
",lrnaesfuky,22,34600,Fort Bragg,30R42
"7QN0A
",lztiydmuterehn,323,63431,Norman,221OV
"7RGE8
",icxffowi,4,67024,Abilene,S91VB
"7SF3W
",orpwciywc,202,05407,Marshall,V58XX
"7T22S
",orhaawd,368,45792,Abilene,43NL4
"7UC56
",flstktzxa,155,24874,Anaheim,TDB2T
"7V8ZJ
",dtsnxvddfn,740,23708,La Habra,5B2A1
"7X58M
",waozbfvypqwiu,941,78777,North Branch,6Z8MM
"8074J
",lsjti,82,80866,De Land,1DK11
"81AMU
",bnnhbaxqqw,93,23060,Fairburn,
"81R93
",mvicoyqzerxz,146,03629,Seymour,ZTDPB
"8227H
",nvrfzhrmcwggcn,433,84516,South Euclid,V9583
"823Z2
",wbdergidzijb,755,17214,Champaign,DC7YJ
"82NLD
",qginknnppa,53,86826,West Covina,5811Z
"82SOH
",penrhfyykgjiar,671,95513,La Porte,5N8TN
"83511
",qammjjhamgjfgnx,856,00739,Gretna,0A0JS
"8366O
",isghxvklhggm,70,23899,Crystal City,0021R
"84002
",ekpnk,564,77548,Aiken,GWNQN
"84602
",hpxnepebtmsqt,802,12896,Edgewood,UA2H6
"84B7F
",eenkvgqtw,80,66654,Superior,L5K8S
"84MSF
",vhtchai,77,96810,Aberdeen,4ITQ9
"853RT
",pxjywolx,3,14889,Pataskala,Q1SZF
"85PJ7
",vgmbqz,54,17340,Cedar Lake,11OMM
"8614M
",ldedzjddhg,6,97262,Archdale,8FI46
"86270
",knodkgjafyslx,415,87853,Albertville,188K0
"87CCO
",qvqxifgmjvktn,730,53467,Pelham Manor,A40U5
"87TJM
",dtifeygigsekr,573,94423,Alamo Heights,
"87TQX
",pvolmqyfickler,84,55401,Edinboro,FSC92
"88816
",cyjuefaaij,734,93300,Magnolia,L9NI5
"88M6M
",vvkgs,632,69756,El Paso,8JBFS
"88W6Z
",bwjbzwoggw,33,13379,St. Paul Park,T7CWK
"891UW
",nxassvzdilwq,346,73652,Ardsley,3R7X9
"89RQA
",bfpaczralxgw,84,49043,Hudson,6T41T
"89Z68
",ikkdxkdqvezsn,539,42133,Twin Falls,K3AP0
"8A915
",nnxavmiei,469,81929,Hastings,J33P7
"8AA11
",rjerxnscupfifbb,919,43923,Creve Coeur,36HP8
"8ABM4
",gtbczdfvd,623,20493,Nitro,
"8B59U
",gfbnh,804,50863,Bella Vista,11SJ5
"8C7SD
",wiwiffybxddaams,53,65059,Valdese,
"8D6LI
",buzqtoujvwjsj,732,10059,Beach Park,DJD54
"8DX00
",libqitbfscqidaa,0,48087,Mount Holly,3K3GY
"8FSH3
",xwgsxxfbof,682,77601,Bolivar,B0CHP
"8G8Y0
",xawjlvlp,416,62659,Beaver Falls,4D5K5
"8GV95
",lqsje,911,79533,Abbeville,I7U37
"8H98A
",sorpspbee,598,05176,Huntington Woods,OS0BF
"8HND2
",pvydrouwyuwlr,560,48200,Aberdeen,622TX
"8HV05
",ikxnvkijw,365,81847,Franklin,F1551
"8N4WM
",iaxsca,68,64038,Chester,
"8NXWN
",xlggpye,144,52679,Fulton,7377C
"8OOYY
",ivvktlui,91,12950,Abbeville,4FN6C
"8Q817
",ajgnkcfqm,86,03239,Abilene,W2JSO
"8RFKI
",atqxujwzcviif,27,43634,Albany,W8MIX
"8T920
",cdqvxkf,7,36015,Aberdeen,1AG88
"8TAYZ
",fhzmngpeckdqfz,324,15758,Oberlin,F5B16
"8TS4D
",wfddysw,916,90406,Mukilteo,C77TU
"8XLM8
",pmcbsxozwua,855,57350,Glenwood,W5178
"8XO8T
",tfdqexoibhs,878,07644,Mustang,49SZH
"8YSMZ
",inadiq,423,41802,Lawrence,3V656
"9007S
",vssitmrfhpjdm,57,20923,Fort Wright,7362N
"90577
",gsxlhmj,899,42170,Edgewater,320B7
"9094V
",zvaanmjwj,455,67255,Paxton,67U39
"91783
",tlkjwmg,697,39696,Addison,I589C
"917A3
",dwvostyefphi,280,32579,Abbeville,8F9OR
"91GS7
",tvehu,497,07943,North Hills,ZR78U
"91K78
",hvlzuyqxvqpttz,545,18771,Aliquippa,4P841
"92004
",okimvwu,679,77106,Medina,EE881
"92386
",tgdjkuvqt,794,23962,Las Vegas,D134N
"9279X
",cgwit,257,99382,Valdosta,1D83B
"93660
",tvmyxbaylnn,7,70512,Kernersville,0CMGA
"93T5O
",zjftbifjrga,61,23342,Florence,4T900
"940AV
",lujoctzsb,673,69975,Gulfport,55O6N
"94530
",ogwcyfmsgi,50,32488,Beaverton,5EBW5
"94PDQ
",ephkykkzleidymi,918,44151,Grandview Heights,1515Q
"95EMK
",cdhkihfxtr,910,16978,Los Alamitos,S7P10
"95Z6E
",kujdjbgplb,425,29697,Upper Arlington,0518T
"96138
",hyahmtkcxia,885,57107,Adrian,T5G6A
"969WC
",mpxqpabqb,212,86618,Warrensville Heights,2KX6E
"96GF7
",qfhyj,92,71590,University City,76SR6
"96J11
",dfetwbe,714,18594,Deerfield,IGIOH
"96KY9
",raecltbydxogfiu,323,73515,Sahuarita,Y0VRZ
"96N69
",xyzyqebeluvmfd,537,88681,Santa Ana,N3N33
"972P4
",hvngsghsxpu,475,63930,Isle of Palms,672U1
"973JJ
",xprobroo,53,77486,Clarkston,SNPWQ
"974T1
",rraqgkdbb,709,51061,Grove,
"97J9T
",svlexhvlcqqjctz,175,46144,Lakewood,
"99J4D
",utkqjsxyscfn,10,30401,Alamogordo,
"99L8V
",koseguinsinp,463,47662,Beaver Falls,6ETQP
"99L9X
",baibmvfs,846,24177,Geneseo,LORI4
"9ASY9
",symihoacabv,159,20546,Herriman,8O831
"9C26J
",mdlpdo,48,02192,Mount Pleasant,A60LQ
"9CBDB
",poleqlazlwxcplv,459,43637,Lindenhurst,O0GN3
"9D9Y9
",cmvotaxxpcaxp,45,60060,Alpine,A23LG
"9F4H0
",hphjalxrnbyrw,203,77365,Boca Raton,X69WD
"9HE3C
",frauhgkhe,470,47447,Lakeway,IHWHR
"9I0PC
",difizkyx,126,30760,Canyon Lake,H7F5W
"9J7RB
",fejqghytdrkqmvg,455,32125,Aberdeen,J4UK5
"9M69H
",nhnxgoejopy,560,47212,Mahanoy City,E01ZH
"9M7Z3
",mqbtsxhyz,42,67178,Big Spring,195C7
"9OQ66
",gchjqietvuwe,802,50958,Holly Springs,D14F6
"9RO6Z
",ahbfiph,35,61354,Webster Groves,IQKUT
"9V6G5
",oqhddgen,207,12528,Greenwood,A9J4F
"9W1W6
",rtbmidzeuuj,437,87325,Sulphur Springs,5W1S9
"9Y218
",ttsjopg,866,72306,Anaheim,AL96E
"A0F5A
",nbsrenogvzdkawm,924,74819,Arlington,D07D3
"A0JN0
",eqprvzrwg,78,08093,Albion,
"A1U79
",pujrxaxjocmbf,602,31598,Columbus,A23LG
"A2Z0F
",xpokobe,421,35834,Flower Hill,N334J
"A4W4Y
",njgxuilrbtthoel,660,50728,Longview,
"A58GM
",bpgfst,569,02657,Kentwood,VB8E6
"A5KH4
",kfxanohtbplexrc,71,74609,Big Stone Gap,IT2IX
"A7FJ1
",iimvjh,215,19406,Albany,9N701
"A7Z69
",itbagfnxgtrfip,293,15840,Royse City,07H36
"AE10I
",kyeozpt,299,04497,Alpharetta,DQX2V
"AL4C5
",koabwcejzhek,867,24660,Herrin,T5E14
"AL78D
",ewuzjkwpcogm,530,75060,Shenandoah,MN209
"AMOHM
",gadnyffpjmzecpn,159,49851,Evanston,
"ANB57
",ridmwfwqe,7,85678,Seven Hills,AL96E
"APZ32
",hzegrunqi,500,13261,Madisonville,5AJD7
"ARYQR
",tenywoejf,330,31273,Altoona,
"ASSA4
",nfxhp,116,24539,Carthage,R8FLB
"AV084
",hwtynnysntkqbg,155,33461,Scottsbluff,0FT43
"AWJ2S
",kcdgehh,70,69772,Vidalia,2M19R
"B2GD5
",arafthubifk,20,95116,Murphysboro,RV75S
"B2P7P
",xcimgzddxiv,514,58493,La Vergne,2RSJA
"B4A0E
",vaerrkaodh,135,46477,Lynchburg,
"B4B41
",dkgfzrjlau,562,23464,Callaway,05OO4
"B654X
",ixzipi,302,29413,Attalla,ZLX5E
"B95BY
",cdnrdtxook,803,80010,Del Mar,ORRY7
"B9LX7
",iqvvyetdwfluzk,400,05856,Abilene,N5KHW
"BE2J4
",humhbx,781,23347,Belle Glade,4D5K5
"BG894
",ukknfdoee,890,98312,Antioch,ISOUM
"BGEM7
",nptegqz,297,98907,Mankato,195C7
"BMC54
",cyjslrh,419,78742,Sandy Springs,33ELR
"BPNKZ
",wqdcgi,845,28861,Jackson,LH23B
"BSJ18
",ijgcpphb,618,83399,Palmetto,320B7
"BXA4A
",kuetkszgiwvsns,476,18648,Shoreline,D09Q8
"BY1W5
",rwxujfjuywflhdk,74,32546,Alexandria,C77TU
"C0ZX0
",ofslzbnhxg,970,31879,Youngtown,0GX76
"C19E0
",owjwwx,753,04643,Trenton,7Q40R
"C25FQ
",ctxagkny,520,51354,Glendale,N6XWC
"C6BER
",rhxnsx,50,16636,Bremen,SXF2A
"CA4Z8
",oczmaixrjkzndp,236,37050,Aberdeen,9GYQ9
"CC1Q0
",qrmud,958,21590,Cedar Hills,I8344
"CC3C8
",byofx,25,02880,Aberdeen,ZH386
"CI2QZ
",uqdktnpjfkrr,550,63013,Prescott,H64G4
"CJWC4
",tkzcg,41,24990,Lakeland,94378
"CRGQX
",bdumxj,915,77319,Albertville,43VEG
"CXB05
",xmlglzkwhqqmg,368,75654,Bisbee,660AH
"CXQ5R
",jghjenvsd,594,07684,Hot Springs,202E5
"CY154
",nltahjbdvv,367,36730,Parkland,F9L3N
"CZB45
",esblykvzny,157,55598,Mamaroneck,597W4
"D0CL2
",yghfmdwsla,211,27469,Sweetwater,V58XX
"D1GN7
",lpwsxm,80,93112,Watertown,
"D36M4
",wwjmog,851,73674,Freeport,GYV84
"D376C
",xyunipjpycuzzs,457,38678,Lancaster,68X66
"D4M8I
",rzbddwajwfn,917,81218,Livingston,P7073
"D59L5
",jzjdzmfandyrxa,944,42995,Allentown,5Y552
"D5F62
",zlkeighdzkhvljm,128,40918,Sayreville,78840
"D698G
",iqvrvc,219,34040,Rhinelander,ISX92
"D6FMM
",eyytyrnkj,32,86308,Sahuarita,RQZNQ
"D6Z25
",vmlimurbodqcj,9,15816,Anthony,EU472
"D7RWT
",uexvude,153,49872,Alamosa,083H0
"D86AK
",yijxnbjfjjfwm,20,02434,Cicero,3R404
"D8BI2
",qhmuldl,32,79628,Wapakoneta,L5K8S
"D8ZL5
",wgijmazeggd,564,97802,Lowell,221OV
"DCZI3
",lecvmwaqkncila,480,02282,Chillicothe,FIXCI
"DD0R2
",qhavxtgfbxvl,550,70198,Stone Mountain,O85M8
"DFTZS
",cgpbcmutctyzv,634,87838,Coppell,5EBW5
"DG42F
",mtqpwsmfwxaavb,2,68554,Northfield,I7U37
"DIF5M
",ilhqhuwxfdu,1000,19059,Clayton,7LDQ2
"DLDJB
",giicioxxefhomvo,1,92505,Aberdeen,5PZBG
"DMVTP
",goekqhsd,202,27975,Abilene,V7GV2
"DTKM3
",vlddxyihrw,231,37913,Tremonton,L7Z1D
"DZ5KJ
",gmrdnfjuurtpfb,64,82172,Fruitland,NJ3R6
"E04LN
",eanvyctenh,536,74932,Belle Glade,96LVP
"E2Y03
",biivfexbttz,290,94801,Grantsville,17TI3
"E393N
",gtvidjh,882,63737,Alma,JAJ6K
"E4S11
",tmctlpbd,93,13130,Schuylkill Haven,70735
"E5XVV
",vfkuvpvux,767,59961,Rockport,Q1265
"E6A8B
",crpjnwbsi,0,93651,Sullivan,2RSJA
"E8Q8M
",wqfblnlc,419,96739,Algonac,9U8CB
"EDA76
",gxpkv,425,73783,Middletown,LDL5K
"EE87S
",hevsgmp,89,13573,Saginaw,AU3H0
"EFLMI
",fdiviyivkjymbor,369,46005,Federal Heights,YRRNY
"EG5XS
",shuikjzuonbm,154,41260,Ormond Beach,F75G5
"EH4I9
",wctkgg,426,19608,Eudora,EU472
"EWETJ
",ileuojcm,718,62223,Mendota,L5K8S
"EX2JT
",gfklnicacrvrow,838,01878,Fridley,30TO4
"EZ0IC
",spfixesbh,766,68462,Royal Palm Beach,AXI38
"F04FX
",dtuli,155,31477,Westfield,J4Q3H
"F515P
",btnppmghwul,195,00433,Jacksonville,1BR00
"F56D4
",nvzarmpisrdyc,39,13091,Struthers,K4XFT
"F5G8I
",njuytjjf,713,68877,Baldwin,H67O3
"F6245
",kssajavchvqa,485,82522,Ellsworth,N5KHW
"F695F
",fdlfjvvyof,763,57959,Albemarle,7856V
"F6F39
",naabhqde,706,54158,Aberdeen,VX138
"F767K
",jjbhuvmyig,397,68408,Brookfield,59CH3
"F90K6
",clcaifc,7,90982,Woodfin,7Q2A2
"F94NA
",cdkpxbrfutqj,601,73367,West Mifflin,07BQJ
"FA880
",picmyucmvjxpg,94,23067,Aberdeen,I7LA0
"FBM53
",fuzosjyiav,78,29255,Elmira,42H89
"FG5T2
",luzkh,612,73262,Concord,Y0TQM
"FJW00
",qpwplbhhdvzc,26,48684,Marshall,305SO
"FLY3H
",yndifzt,4,09551,Magnolia,Y0VRZ
"FPA4T
",dcdspnbnxohzh,969,17658,Johnson City,F4A5K
"FQ923
",dubwfxbpgrlehvd,613,26879,Toppenish,04KE2
"G037X
",ebcctzfhskdjzl,353,52444,Galax,F1551
"G09W8
",etddc,628,88723,Yucaipa,3FO8E
"G4003
",vhwucikbjzk,855,79813,Westmont,DALM5
"G5249
",figojumq,400,31943,Belle Glade,2M19R
"G54NG
",dezkse,688,03264,Avon,W0L56
"G5H6D
",pfehh,47,67912,Alpharetta,AKN70
"G5X3P
",lqehblagbxtk,318,26677,Ballwin,
"G653O
",jdcbzzfdhltdhq,579,19069,Tarrant,GWZUQ
"G6DBO
",vshophk,6,87172,Rosenberg,YPNSM
"G7BP3
",ejhqmlbv,706,39939,Lake Worth,UTT2X
"G823N
",stonod,3,83934,Riverdale,99752
"G9GQ3
",pjjxzeudjinkgfh,595,06872,Ridgecrest,4T9C2
"GB062
",iwtke,62,20172,Bridgeview,YPNSM
"GCK2D
",uyyowi,821,12339,Amherst,2KX6E
"GE032
",kmihaupal,428,44871,Abbeville,L2SW6
"GJ2XG
",itmohrwyrat,18,38923,Aberdeen,3DB89
"GL191
",gngtbylh,375,26855,Carthage,
"GRT87
",eythwlusxzo,760,49162,Danville,
"GT23C
",nssajxpbjibjf,45,23759,Redwood City,3D40E
"GYJ07
",riwnybrg,69,65917,Bastrop,BK3N0
"H24AS
",wjfqyenghdkrscf,751,65997,Abbeville,V0EW0
"H3563
",dqfihn,635,25278,Palos Park,JBQ96
"H5EN7
",lbazgvnxcy,188,92905,Anamosa,96LVP
"H5T1N
",pamamrn,885,68073,Abbeville,0021R
"H6X35
",ocvuzm,45,37011,Great Bend,66BBC
"H7L91
",awuipgduz,10,74265,Chubbuck,UET32
"H8R47
",idaaia,8,73940,Americus,CLUVF
"H97JJ
",idcrvf,348,62018,Hitchcock,6RBI1
"H984R
",yndnexghdt,9,09852,Grafton,508G6
"HB8BN
",wafmvddpzgpcrn,765,38394,Bexley,5IBZ6
"HB8HB
",iwxvwshxg,615,98862,Sauk Village,CC5YP
"HBF0L
",gabartnlnjl,46,60282,Athens,P48IU
"HE721
",ldapaxsnbhmnqz,770,77635,Yucca Valley,
"HF475
",owarzyoynv,158,69711,Eureka,AUFX5
"HFOA1
",kmghdhlgripbjgm,57,07061,Oxford,S9YE5
"HFS51
",uokwhxiegahrk,180,43811,Beverly Hills,28090
"HGUQ5
",jodlrtirnpb,579,80387,Marshfield,
"HI554
",bbuglrira,267,93166,Kenilworth,
"HLL43
",yiukyzkeokbj,934,44744,Abilene,2YE5S
"HP4R6
",teiuic,569,87387,South San Francisco,VL938
"HSINH
",ylkuinlnptg,596,67761,Bossier City,M0PC6
"HT1Y7
",ecxahbvuuf,755,58364,Texarkana,0GR5M
"HV747
",garxboxhza,749,44856,Dallas,L5K8S
"I08AS
",drpqj,266,36586,Ammon,71G4R
"I1B8E
",lwqphjyidg,745,78307,Glendora,I7LA0
"I2DMI
",lymnfrx,486,64228,Calexico,H77OQ
"I2JWN
",zpnsok,758,40780,San Luis,05P5B
"I4J3G
",tkchmbcguuh,648,48094,Iowa City,55238
"I4KL1
",qfhkbzqv,2,70993,Abbeville,A60LQ
"I5799
",dzrmfict,76,93876,Alma,J4Q3H
"I60YZ
",gphtkyh,11,23563,West Point,5J3D4
"I6RPE
",lmudmjdfuxio,791,31726,Fayetteville,L5K8S
"I735V
",yvandpxmkponcm,274,91915,Middlesex,GT1F7
"I8284
",jmwia,429,40821,Vinton,2W9QK
"I9249
",hqpfhbsxk,529,28091,Eden,4GY67
"I9Z97
",knctde,96,51403,Clinton,53EV3
"IBCNJ
",josni,898,56739,Coatesville,84BP7
"IBXJC
",wsigvuugjfc,320,65580,East Point,1M082
"IKL4I
",fyeqyweg,532,47842,Tallassee,1II08
"ILI32
",csbepwberthjf,86,22685,Abbeville,3DB89
"IPKL1
",xnjmhsxdyegzzhw,670,79091,Franklin Park,UY3NP
"IS652
",vqbbrke,210,44340,Buffalo,014U5
"ITFFE
",idhjbeehbjnusf,888,92208,Laurinburg,7N81W
"IUXFE
",wvergnykdlhdc,740,11792,Lewisville,5PZBG
"IUYWE
",rxysudjesgekdyc,555,68462,Waynesboro,
"IVL3Z
",ztytbhbfhonj,50,67283,Hunters Creek Village,45AY5
"IZ379
",cprxoun,130,85940,Conway,AWTAB
"J09EE
",vwogflic,263,69415,Bridgeton,TV4EZ
"J0LYQ
",vuqtkjffi,69,89943,Seat Pleasant,N2D0L
"J1NJS
",ddalb,311,08878,Aberdeen,6RA0C
"J1O49
",hwbdaxbgwfniqu,787,20304,Columbia,93N2R
"J2C41
",vhhrvoij,330,31046,Abbeville,1DK11
"J4163
",drnghtmz,951,38622,Big Rapids,U3O56
"J6108
",tkrdwz,2,56059,Aberdeen,GLT1L
"J6175
",cwtutogiubhrpil,672,28345,Moody,6Z9C2
"J699D
",ytxzpzigcohxz,280,85915,Milford,EU472
"J6LIR
",bkbtlzmclcliyq,171,45664,Bangor,03846
"J6M0P
",eybpjpfrfftcixf,957,54239,Galesburg,3Z245
"J81OK
",asnbhbtnoke,56,52882,Highland,P7073
"JDVZU
",febqctqfqeka,23,79008,Lauderdale-by-the-Sea,033J3
"JE253
",cgphromphyb,383,66230,Ripley,6067V
"JFX4N
",yxpmzqezs,684,21509,Braidwood,
"JG50K
",kmwfxwxroorp,460,64781,Hinesville,1Z4C9
"JJ11F
",jrriz,142,37167,Abbeville,2N8BV
"JL03H
",yzfdn,45,42250,Clovis,749ME
"JMMP7
",gunbayczym,551,18448,Forest Park,8F9OR
"JS1U4
",jruvifhl,8,67708,Fort Morgan,7JI98
"JS97P
",olzynal,390,01079,Summerville,Q1265
"JSP59
",icsodnlr,947,85113,Dickinson,VSG8X
"JT8R8
",bmfxwdqa,867,31007,Morrisville,6THR6
"JW7CH
",wnbmkohw,666,55180,Cottage Grove,446BD
"JY7TE
",crjlagh,300,74410,Flower Mound,LDL5K
"JYY36
",vjzvcqeoi,50,72434,St. Paul,2UOMG
"K219P
",rqfgbhnatdtqbhx,47,07378,Ormond Beach,H07A1
"K2X05
",ajpsn,485,53379,Canby,7O0X7
"K4X7O
",ynwbnwivka,51,42887,Aberdeen,3D448
"K5230
",qjtux,607,74571,Flower Hill,F025J
"K5A24
",fbric,379,80383,Plattsmouth,739BS
"K7VZB
",fnhqbriaxgmjjt,34,76844,Sedro-Woolley,2GU34
"K833F
",wfcvvl,23,17221,Auburn,B560H
"K9A2M
",imxytisxmmp,295,95299,New Albany,55348
"KCD9Y
",cusmihbnlkwcl,634,59142,Brookings,GL90V
"KHJ18
",cgsoace,934,64245,Mount Pleasant,799BA
"KK78B
",swumybld,319,35927,Berlin,DO7TH
"KKY74
",qjzpqzxdnbnvdms,688,04253,Providence,223J1
"KNJKR
",wuxixmqixo,955,14868,Shamokin,7RT06
"KX41Q
",kcgerhwui,681,85545,Mount Vernon,2N8BV
"KX5NH
",luknquqfukyj,757,31038,Temecula,Z0E81
"KYW9M
",uhcprgxgsjxhs,192,43626,Abilene,W820D
"KZ4ZW
",ledgiftqic,159,24301,Bastrop,LJ68R
"L0IQ3
",sllbagoeffzf,55,49973,Columbia,V7GV2
"L0O3Y
",aqabnwvwvhsww,539,47523,Page,632U9
"L2IJG
",oonmsnbrukkejm,319,90981,Marion,4V587
"L351C
",dkmzkajsycs,2,10862,Lake City,5W741
"L4W79
",gmhudtvdacccb,619,96864,Walker,B223W
"L60D7
",ammafqldfu,594,29191,Oakland Park,5DT4I
"L74S4
",zwqfnvqu,365,64308,Agawam,49523
"L7930
",cuhsprni,705,36114,Mattoon,NL291
"L7V0A
",zedczbz,116,70275,Algonac,6PNX1
"L98H6
",zbxvzm,714,48521,Big Spring,SXF2A
"L9D7Z
",uivvimnaafha,21,66029,Scappoose,75REI
"LDDFP
",cptvehytavmrlv,3,13095,North Liberty,A4KZB
"LG88A
",mftfh,728,21100,Beardstown,W41LC
"LKI28
",sjirhcbpb,309,09998,Amherst,M4873
"LMW40
",rzxmbi,881,36523,Fargo,
"LRWK5
",bupcbeyudm,873,17578,Closter,WIPL3
"LUL98
",ramgjdearfa,6,13867,Taunton,
"LY2I7
",mxslqpv,250,14708,Cochran,BC59M
"LZ7AM
",qdtopmncqotjhl,918,98193,Owasso,A23LG
"M0NFV
",ljdgghpcfcltz,95,98403,Laredo,8RY5H
"M1KA0
",lgdtrvhwfjzgno,653,66078,Racine,43NL4
"M2PN5
",madtm,614,58026,Westwood,7H48I
"M3IG8
",pfnuyma,16,03837,Clay,9196X
"M3V7H
",imfhqhhcm,613,20458,Pratt,37XT0
"M4Y06
",edtbslyyatpj,626,73910,Coachella,Q53G7
"M7E5U
",tpdjhpbhzu,258,04345,Altus,
"M832C
",zoydxljt,825,80322,Miami,0W17C
"M8A6V
",vzyddjukhfkla,825,47475,Suamico,8J6J3
"M8X20
",aiindslqn,201,17300,Pompton Lakes,0LNE5
"MBH95
",kpbinhqtua,170,76068,Amityville,5GNZ2
"MF194
",jchibzn,443,63667,Fort Bragg,64T4Z
"MFMOJ
",iwbyyq,625,97389,Yucca Valley,T7CWK
"MGD17
",nokihowtdbmfov,154,96373,Boston,9N701
"MGHUD
",loogtpaeuc,3,31147,Andover,LORI4
"MHZPC
",rlwoy,673,94035,College Park,289R9
"MMQ76
",eneambniuowdhv,647,61976,Bexley,40MQ1
"MN11K
",gcvfbl,253,66465,Matteson,0W17C
"MPQ6U
",bdbrgbniwj,891,65480,Cranston,1C729
"MS17N
",tqtzncctl,203,84775,Rice Lake,658WC
"MTV8Y
",fsfacwsnyaau,55,13930,Florence,2MR5H
"MV0FH
",uufuzuidmufwhqd,77,51523,Marble Falls,
"MY8WQ
",dcjfpeju,1,75374,Abilene,LB354
"N0G6Z
",uewmrwfcomsqx,719,39927,Chelsea,C3992
"N15V9
",tcbjoqjuib,992,57923,Jessup,I5435
"N1J5W
",ovlgmrl,25,38586,Chamblee,FI457
"N1PS9
",yecevoqkdxldg,197,69758,Abbeville,I8G0K
"N2R6E
",jogcjtdhdszfri,832,80545,Rockport,SWWC8
"N2V8P
",jfhnq,3,91909,Brockport,19YH2
"N3455
",gxpxwabzwkov,4,06174,Alpine,Q38DB
"N39LK
",nflozmlvziqb,154,44760,Aiken,05RE6
"N4DSP
",juakdfmwxuei,355,58349,Alexandria,CJ1AW
"N5E96
",qmdqhetqoqm,590,68835,Ammon,
"N5F42
",fnsunrtgpmzliv,806,38850,Waterford,N5047
"N5Z13
",lqqpaf,756,51339,Ionia,55238
"N621E
",pkitvgvda,192,20251,Franklin,I2EPG
"NCANS
",jevbdoref,401,77555,Moline,39KLW
"NE7FW
",gqktbkodcll,21,81006,Carlsbad,1MV6O
"NJK2Q
",ltcdqoqyfcx,895,35333,Lantana,DOZIT
"NKI3H
",ceutgrdkuymbwc,771,65874,Morris,
"NXTKT
",zvjkpgdcpksoc,3,99293,Aberdeen,BT497
"NY2M3
",qzpsvvktiqcj,221,90537,Columbus,2P3FG
"O053G
",legejyzqfdgyo,951,50961,Temple,DNGQ8
"O1MVU
",fmcvbftb,585,10057,Lynchburg,UVJQ8
"O1Y40
",hompxgvej,7,55553,Albany,47DSP
"O1ZR8
",avclheioyupjij,549,65701,Eldon,PRLW4
"O207T
",gtiqnz,18,08378,Jersey Shore,0IGN4
"O3621
",xlfzoj,95,18221,Corinth,7W7T5
"O618K
",osovx,493,86269,Aliso Viejo,15B6B
"O8COJ
",msgkrzcbt,937,35816,Belle Plaine,AYYOI
"OCBFT
",rfllcpnrhg,16,29395,Fate,3RSX1
"OF1MX
",vtfbaowsv,561,38721,Greencastle,
"OHOMG
",zlzxn,398,80740,Alamogordo,DN6M3
"OI94E
",urzfrxqqm,488,31557,Greenwood,T7CWK
"OIUVI
",hipuufau,277,97288,South Ogden,83800
"OY149
",xzbcbnbydx,245,18293,Waco,S9YE5
"OZ33O
",iprgfn,5,24027,Punta Gorda,03846
"OZ91D
",kcwafjgagabxj,773,29804,Abbeville,NUO8W
"P22H5
",phjwig,40,83121,Sierra Madre,13ZF3
"P2724
",byyrkdljzdjiyea,361,98768,Rocky Mount,ZTDPB
"P2K0J
",brxszzkvsnrho,920,07539,Prospect Park,
"P2P37
",zoaaocy,129,08594,Grove City,4FN6C
"P3NSF
",dtuwrw,634,84281,Aberdeen,94378
"P59B4
",exqvlkzu,151,16861,Ashland,2MJ8P
"P59VC
",olkwbfb,879,09186,Adel,C3992
"P7317
",zlptk,622,02108,East Cleveland,AJW42
"P7H8M
",sjipwadfpkrq,436,18706,Abbeville,2N8BV
"PB88K
",bgwxhfbpyfqiinq,495,18627,Aberdeen,8J9JJ
"PC2Q8
",pmztn,319,11440,Rockport,N5047
"PF278
",qegqixjl,812,86202,Olean,I5435
"PG3W0
",cqgedbbyehuewux,984,64695,Dormont,V3D00
"PI6KQ
",cqeeuugcffghw,490,78058,Southside,Q96ZG
"PK22P
",esoyrjwwrgtvp,557,23683,Lincoln City,56T86
"PK30T
",mqfyztgega,756,33994,Marana,47DSP
"PM9V9
",nefbgcct,145,19064,Buena Park,25BQG
"PQ578
",yqsnf,24,14333,Crestwood,MROV9
"PSDSX
",svhxnrd,930,94217,Clearfield,30B03
"PVZ3S
",rrmztbjqjva,467,80332,Atlantic,
"PZ0N5
",azdhcqtrn,727,71152,Belle Plaine,S27V8
"Q1127
",kjgkzaekhtllz,65,40101,Georgetown,S7P10
"Q158J
",qbuby,55,66089,Swoyersville,COF9R
"Q1602
",ckobdnsvvah,5,05136,Fairlawn,2Q2EO
"Q217Y
",qskdbcpief,518,74799,Lake Forest,L0BW0
"Q28JS
",bojjhydbqct,271,98938,North Vernon,0VA7S
"Q6404
",yacfywc,696,46082,Brunswick,J4Q3H
"Q64LN
",weuhajvvv,562,62557,South Plainfield,133P5
"Q78V6
",cqugfudbkmyp,248,20525,Lake Villa,2N8BV
"QAGP8
",acqtjxa,302,12732,Geneva,6MO0J
"QFC4H
",amirbt,44,44717,Weirton,6WWSL
"QHH4B
",ojrdra,470,88596,Bridgeview,2B732
"QJN92
",tpnwc,996,45762,Corbin,8W796
"QN5LF
",abqwbgcf,469,62824,New Castle,2N8BV
"QO9J3
",cnimwmhxwgg,278,22948,Colorado Springs,L4I2P
"QR7OG
",vdhikq,26,23643,Franklin,DJD54
"QS5CL
",wcmnyqbvudrmz,573,52201,Batesville,U968U
"QU2Z7
",mfljbasluhkp,685,15411,Bainbridge Island,50753
"QULM6
",gtxbybinc,396,41706,Everett,9S33A
"QWQWO
",nszhuwl,585,83209,Somerset,0518T
"QZ14Y
",cktgcgsbt,696,06186,Sheridan,6YIGR
"R2EP8
",qkxtr,252,97619,Aberdeen,07CW1
"R592Y
",lxcefarsozhnhsy,323,49883,Monroe,
"R5G8I
",bhawjsjzl,543,38349,Vidalia,H1C3E
"R7G2X
",daaqz,635,78430,Monroe,RMF11
"R7X75
",fsbjitf,54,95038,Miramar,9S33A
"R88EK
",bbojl,958,81574,Painesville,O85M8
"R8TRG
",fhnaoxcky,98,78627,Ozark,71MR0
"R98FX
",astmho,743,56267,Alamogordo,ZLX5E
"RD42K
",ockomvxzavchn,339,65573,College Place,770TJ
"REJS0
",cxqhuistzihhz,318,31914,Tulare,Y5364
"RG45T
",cawxiimfu,938,05440,Canandaigua,6JZ4X
"RJ1K0
",lenxoona,0,44816,Sandwich,N00TG
"RKMYS
",suzrltcwfa,11,73176,Tooele,L4I2P
"RQ8B9
",kvfqrkezchk,527,86866,New Bern,L1GU4
"RQGQA
",hbkayz,809,13723,Dublin,21374
"RX2G6
",ofcntdtnzdr,184,60660,Abilene,1353X
"RZ0WR
",pzioohwyzzgwruk,54,19341,St. Peter,FI457
"S050V
",kzfitbgakjiuecq,5,64180,Lebanon,71MR0
"S0SCE
",deilvfxwhfioz,955,04188,Mount Vernon,GWZUQ
"S0ZU5
",npcaeb,356,68098,Plattsmouth,
"S1B44
",opnwlcl,441,89160,Enoch,
"S1S89
",muhdaoh,478,07837,Abilene,9WM00
"S3968
",auojqxur,46,68864,Maywood,953T4
"S3AL7
",arrliesfjidfup,238,62982,Carrollton,Z0JAI
"S41CF
",uqyvuqrcxojmwf,621,90570,Edgewood,U89EW
"S44Z9
",gfwstgvfkkogigc,43,28221,Ville Platte,IVZ01
"S6VNQ
",ajdgfp,801,40756,Naples,05P5B
"S76P9
",rgbriroi,1,42834,Hinesville,CD0UM
"S964R
",msoobpngho,677,19349,Aberdeen,Y9P0W
"S9FIF
",agifmuexb,919,64218,Hopewell,JDN07
"SCF4Q
",lxmnjzldhbki,654,46523,Negaunee,4N0RN
"SJ508
",flgqygmqhxpciqg,311,39363,Alcoa,38964
"SKT5H
",cmqnrp,6,44427,Live Oak,J4UK5
"SNHR4
",zcagf,997,04503,Aberdeen,Z26CZ
"SNL70
",eobponyoqse,412,81176,Arden Hills,MW8P5
"SQE6T
",kvlzaoiz,490,70612,Spearfish,242UT
"ST4Z2
",niqeb,613,77637,Midlothian,U968U
"SV3E1
",advgovya,344,33022,Calabasas,R1J3L
"SV7YK
",nrarjuysmsuubcb,7,49514,Thomaston,9N68F
"SWG84
",jtfjdu,967,02072,Trenton,CK3O8
"SXW79
",ojacrjir,434,30572,Chelsea,HSY0F
"SYMI2
",qijsheqk,418,45836,Oceanport,ISX92
"SYR32
",ewkdh,654,15321,Altoona,Z0E81
"T106Q
",tkfviwxrsf,301,04108,Abbeville,C6Y1R
"T1R5O
",rpxuhtee,471,27855,Aberdeen,PJ6CV
"T1VHJ
",hmbwwhbivbhsfu,89,91126,Leland,6UF59
"T3201
",rigzrfasfrlrxx,643,61194,Albert Lea,
"T3U78
",whutsiym,118,86814,Coppell,JZP86
"T3VDN
",yuqcuegpeqoxeah,17,78827,Blackfoot,EE881
"T5I7N
",vbeiktsecuq,360,22057,Dillon,K5W43
"T5P7P
",dkfernhjtoyhjg,638,32028,Belton,
"T6LY5
",ganuh,72,58222,Central City,0518T
"T7440
",cclgyin,65,76165,Biloxi,1DSRZ
"TAAO6
",vilqkkdbvcgww,951,65591,Daleville,SXZY6
"TB19Z
",edekfnwkqrrnd,940,21910,Portage,4UL38
"TB599
",bvjzipxsoy,251,89589,Campbellsville,3R404
"TI3GA
",fpwycxbfcqz,110,34352,Blue Springs,MKW9G
"TI88S
",mlglbdovqgdxlwy,743,53939,Sidney,ZTDPB
"TM57U
",bkejt,555,68727,Allouez,1BR00
"TN27T
",qnhfxprqu,801,17484,Pascagoula,5RH31
"TT181
",vlullmgvqic,321,55413,Aberdeen,83A02
"TT1FX
",xrpcrbxkt,746,93493,Aberdeen,KP9EZ
"TTY57
",yjnrapkrzxaozi,421,13102,Hartwell,C14UE
"TW4AP
",rrhgxvctkowugvz,750,45716,Woodbury,E8OEC
"TYBI9
",ttasesyi,136,87679,Lebanon,U7A39
"U190Z
",leynkcfoilfilq,833,50102,Albany,KX862
"U2RKA
",bipzxrxemb,907,02401,Miami Beach,ES46M
"U3734
",ytewrl,995,52430,Brooklyn Park,OYT16
"U3E54
",yfovjalrv,477,26774,Beaufort,DB13N
"U41MQ
",lstzezeu,335,65647,Amite City,R8FLB
"U7D2F
",bewagb,81,75168,Middlesex,1DSRZ
"U814Y
",zxbjysnuotlhe,999,93946,Marysville,33IZ8
"U8389
",dqqlu,765,33587,Tallassee,9WM00
"U8B97
",hgblupfbwlxjnp,50,17061,Alpine,C6Y1R
"UA0V8
",jopynzmuhlhs,955,42773,Bell,6T41T
"UF05M
",hxxiwyhlv,8,56263,Avon,Y29T8
"UMW8G
",udmbwmxama,841,61373,Rantoul,I7LA0
"UN200
",hyluaepvelflor,54,04719,Cary,XZH52
"UN8W6
",xevhqzwhliue,199,49356,Enoch,YZ3QH
"UQ365
",rrpmquev,189,41638,Thibodaux,SWWC8
"USG5H
",roqskphk,705,14329,Jeffersonville,BE5AC
"UT409
",fgmbjklb,635,83952,Fairbanks,I744H
"UUB4P
",mmxhkrzd,648,01724,Aberdeen,KK95R
"UYFZ7
",egtmagbg,710,48789,Abilene,6837R
"V1J67
",jrbyzmhrheohrvt,419,18178,Abbeville,0R026
"V3572
",ejpcsgayshyigkn,298,71432,Sumter,58J6C
"V441U
",veshneenrc,924,03857,Blythe,F5R2G
"V50IY
",xkjpfkpgb,292,28961,Aberdeen,845TR
"V6378
",kfrohmgigq,224,77304,Gun Barrel City,FYQ76
"V7YY2
",vesexhkgr,717,71944,Meridian,UO45G
"V941P
",qorqwhma,683,50845,Northfield,31F8E
"V9R4O
",odiauure,841,41059,Benton,ORRY7
"VAE63
",epoihtqdrathxa,433,78770,Fitchburg,I2EPG
"VC5K9
",eqcvv,11,89388,Sulphur,953T4
"VCWN7
",mkfrix,98,64174,Washington,
"VI5LI
",actadeaxmimhlk,3,28422,Alabaster,
"VJ35H
",kbinise,807,29287,Wauwatosa,
"VKNL6
",olspbnvyzybfs,159,73875,Elizabeth,V7767
"VM4JU
",ceeqkmxfbs,959,73246,Ferndale,9HQ39
"VN1PM
",jwejiltpedlix,986,42814,East Peoria,HSY0F
"VNCHG
",oughz,197,90340,Sunrise,8QK5I
"VSB95
",ahjrd,177,01877,Greencastle,UA09T
"VV59F
",igfaclycgeyzbpm,808,30020,La Plata,
"W298D
",hbiypgakz,7,42900,Findlay,IHWHR
"W30JH
",fzvqxlkcz,67,07554,Ashland,2NNEP
"W3RV0
",cobafysr,315,83135,Aberdeen,Z0JAI
"W5349
",rhsixdwvruhydx,988,63981,Cheviot,H1QB5
"W6898
",ullohorhip,381,89844,Vandalia,1W2Y9
"W6P1U
",jglvewwnoc,50,83531,Addison,0T7XS
"W7XW0
",ottzbkpxncysb,16,49722,Wahpeton,89O55
"W8L7X
",zeiroaeid,112,74788,Emerson,JAJ6K
"W9XEM
",qssdgaeazmdr,824,20966,Waverly,01UD0
"WC9G3
",tmrucvgxkjx,595,15381,Portland,5IBZ6
"WD9VQ
",despcbg,424,81126,Cherryville,S9YE5
"WE7V1
",bdsuaksc,760,39711,Bellmawr,GWZUQ
"WH03B
",chxjhq,700,88657,Needles,J49P6
"WH8GZ
",tqfjjtcbq,438,78830,South Boston,3DB89
"WJOYX
",vdnbic,843,61402,Union Springs,5ICBM
"WU7OG
",kaufablpjvphx,816,69640,Fruitland,W229T
"X1F05
",npccytggtdcyhrx,756,93863,Yukon,6JJQ8
"X30G2
",fojoscxsie,697,70048,Charlotte,MR86X
"X3QG8
",agdtnoejf,372,46078,Valdosta,5IBZ6
"X49MD
",zgngjawvpwq,517,33438,Big Bear Lake,1ISYV
"X4A95
",gahzue,756,24901,Atherton,1II08
"X5BJ6
",bixiiucof,38,45224,Canton,4U05M
"X738W
",xzxcueoutcaua,74,14781,Little Elm,TV4EZ
"X7Q8T
",ajgpkmhl,424,65935,Muncie,W41LC
"X8Y9O
",amtdio,749,05805,Sedalia,
"X9YZ3
",gdxssuidf,168,87696,Muskegon,7362N
"XE5IK
",qudhoyusfg,756,24270,Mount Vernon,4P841
"XEIQX
",zaeeypgedbtyhy,2,11802,Allendale,QEB30
"XH764
",wsdleb,808,59742,Carroll,CLUVF
"XJEO6
",csgmbeqxv,944,50407,Campbellsville,FX04K
"XK21R
",ohsxaaixf,599,02578,St. John,
"XLG26
",odfpncgllkdurmb,99,49037,Kokomo,S0O7S
"XU31F
",kfyjidkqm,808,08850,Charlestown,
"XW87G
",wasksk,0,87893,Stockton,1846T
"XYM28
",nyhpzudfa,882,61885,Cocoa,PH1G8
"Y07C9
",ufqtej,912,84972,Sherman,HZNS4
"Y0J86
",ywnghubtggqm,378,93568,Wenatchee,7H48I
"Y0NHI
",urikmiwjp,360,58166,Allegan,L1GU4
"Y1PM2
",ytwimxmn,451,03599,River Edge,14P9E
"Y2GUM
",pviylbfuenfo,274,90964,Portales,VSG8X
"Y39MW
",gialna,85,95605,Richland,W55N1
"Y3FF9
",vzjgsoi,776,68876,Athens,109T1
"Y4507
",gmsqjmej,177,67176,Alva,CLUVF
"Y5GF2
",zizlf,307,57111,Seattle,5PZBG
"Y6Q1L
",qxsbwdje,629,11837,Mount Carmel,5446C
"Y7PD5
",bdlvgkvt,802,58744,Milford,083H0
"YA6LT
",maape,795,77207,Alexandria,37XT0
"YB32S
",dadmbuufpm,76,36329,Harahan,68051
"YB90B
",cwrvmxclkwb,76,52682,Troy,4LE08
"YBC5Y
",vsimpwj,96,60847,Upland,FIK33
"YBH3R
",menmwgcb,373,30537,Bluffdale,OYT16
"YDNI6
",clhqiuchdle,492,43118,Columbus,GYV84
"YI96G
",igraatww,376,46105,Walnut Creek,55348
"YK3Q6
",ladvsjbbtxiw,526,58309,Marseilles,
"YO63A
",itzfyjfqdhfq,974,58580,Mentor,ZTDPB
"YQM1L
",qtnkkdakbdcwc,511,47410,Abilene,BKBIF
"YR0J4
",sevzbvwsffxvne,253,05255,Red Wing,025JX
"YTJUI
",ocfvgzmgiduhnid,82,38310,Sulphur,7DJ7Q
"YWN6K
",pqcaiybrboqetgv,516,14543,Tiburon,W820D
"YXID4
",ewnjikeqcfk,837,49389,Blytheville,T8IXJ
"YZ3A9
",tbeongd,29,10893,Stroudsburg,1O0E4
"Z00M0
",wvzbvwxdloo,614,44788,Amsterdam,9HRXF
"Z274W
",zbvfztbmmzca,154,39903,Jersey Shore,69MW6
"Z4RJN
",oenozlfsrlndllc,6,25639,Lake Dallas,AD885
"Z4U2U
",tbwzoci,61,19380,Vienna,
"Z6836
",jhlqu,947,88865,Jacksonville,1W2Y9
"Z6J2T
",vdyqsg,2,77308,Boaz,H1C3E
"Z6JYO
",enpfzwbdbfo,393,44042,Abilene,2406N
"ZCKA2
",gxkaqt,941,55458,Aberdeen,TFVJ8
"ZFWB7
",mwyddeiqpi,940,17406,Beverly Hills,0LR92
"ZH3P9
",cshxzy,791,80288,Union Gap,F4A5K
"ZIL6A
",zhiflmetaxeqfmm,800,97611,Abbeville,K1E9K
"ZK67Z
",ezmypyuizqc,414,06689,Absecon,18576
"ZO3QW
",qzgxkwkyrinla,187,81142,Kalamazoo,
"ZO4Z0
",dewbcdwe,38,98949,Aberdeen,GFK67
"ZR9Y8
",mpkwqsasgawcfu,22,12653,Winchester,O78AV
"ZT63Z
",condqryl,578,82140,Burton,Q7B33
"ZUP64
",teyieqxzqn,13,41658,Mount Carmel,5R5Q8
"ZUV76
",mfeguwj,92,95040,Waynesboro,2MR5H
"ZWF6J
",mbrpkrsbklgdmx,4,34955,Batavia,UTT2X
"ZXHPU
",cwujausgnu,298,50702,Waynesboro,AD885
